id,Verse,Feast,Date,,,,
1fd2ca37-ebac-496a-a02b-7b695ec618f9,"""Then they cried out to the Lord in their trouble; He delivered them out of their distresses.” (Psalm 107:6, NASB95) ",None,01-Jan,,,,
e8f4b363-c611-4c0f-b90a-14f7de25694b,"""Then they cried out to the Lord in their trouble; He saved them out of their distresses.” (Psalm 107:13, NASB95) ",None,02-Jan,,,,
08e539fe-7217-4b50-8a05-265ea5f929d4,"""Let them give thanks to the Lord for His lovingkindness, And for His wonders to the sons of men!” (Psalm 107:15, NASB95) ",None,03-Jan,,,,
e18fd790-834e-482c-8a8f-5a22aad09b60,"""Then they cried out to the Lord in their trouble; He saved them out of their distresses.” (Psalm 107:19, NASB95) ",None,04-Jan,,,,
192da8f4-a79d-4c99-baf6-448c62b63de6,"""He sent His word and healed them, And delivered them from their destructions.” (Psalm 107:20, NASB95) ",None,05-Jan,,,,
b97cf618-a873-46d5-bf6d-6266aa1c40c0,"""He changes a wilderness into a pool of water And a dry land into springs of water;” (Psalm 107:35, NASB95) ",None,06-Jan,,,,
d5f167bb-a151-4c9c-b1c6-938679291027,"""No weapon that is formed against you will prosper; And every tongue that accuses you in judgment you will condemn. This is the heritage of the servants of the Lord, And their vindication is from Me,” declares the Lord.” (Isaiah 54:17, NASB95) ",None,07-Jan,,,,
81532e55-093f-4f9f-8b9e-2ca91104a7b4,"""Let the words of my mouth and the meditation of my heart Be acceptable in Your sight, O Lord, my rock and my Redeemer.” (Psalm 19:14, NASB95) ",None,08-Jan,,,,
371b6be3-74a8-41d2-82cb-553aca8e4d26,"""The Lord God has given Me the tongue of disciples, That I may know how to sustain the weary one with a word. He awakens Me morning by morning, He awakens My ear to listen as a disciple.” (Isaiah 50:4, NASB95) ",None,09-Jan,,,,
ec8bd3c4-15a8-44b5-b281-eb442a5b2bb9,"""The Lord God has opened My ear; And I was not disobedient Nor did I turn back.” (Isaiah 50:5, NASB95) ",None,10-Jan,,,,
c9e5d052-d062-4b71-8ea9-02ddb6d87ae5,"""The fear of the Lord is the beginning of knowledge; Fools despise wisdom and instruction.” (Proverbs 1:7, NASB95) ",None,11-Jan,,,,
18811bc7-1fab-4c01-af7a-d25324da1ec0,"""Let everything that has breath praise the Lord. Praise the Lord!” (Psalm 150:6, NASB95) ",None,12-Jan,,,,
8218c85b-c8f6-4539-8ded-b94be0e7a060,"""Draw near to God and He will draw near to you. Cleanse your hands, you sinners; and purify your hearts, you double-minded.” (James 4:8, NASB95)",None,13-Jan,,,,
fd51130b-750a-4ca1-a991-403f3dc7d976,"""Yet You are holy, O You who are enthroned upon the praises of Israel. In You our fathers trusted; They trusted and You delivered them.” (Psalm 22:3–4, NASB95) ",None,14-Jan,,,,
713080a8-ce80-46ba-8a2a-80888e8845ee,"""Praise the Lord! Sing to the Lord a new song, And His praise in the congregation of the godly ones.” (Psalm 149:1, NASB95) ",None,15-Jan,,,,
e5540ecf-755c-48ba-acc6-ea9abaca5aeb,"""O sing to the Lord a new song, For He has done wonderful things, His right hand and His holy arm have gained the victory for Him.” (Psalm 98:1, NASB95) ",None,16-Jan,,,,
71a987b2-2618-42a1-a854-0c2a3280da76,"""The Lord has made known His salvation; He has revealed His righteousness in the sight of the nations.” (Psalm 98:2, NASB95) ",None,17-Jan,,,,
19cf2064-ecbc-4293-814b-46f8428d2be2,"""He has remembered His lovingkindness and His faithfulness to the house of Israel; All the ends of the earth have seen the salvation of our God.” (Psalm 98:3, NASB95) ",None,18-Jan,,,,
4a694cba-064c-47bf-abf3-92451a248f41,"""Behold, I will do something new, Now it will spring forth; Will you not be aware of it? I will even make a roadway in the wilderness, Rivers in the desert.” (Isaiah 43:19, NASB95) ",None,19-Jan,,,,
2a1c9fe4-002e-47fb-bbcd-105a0eb1cf8c,"""Who has put wisdom in the innermost being Or given understanding to the mind?” (Job 38:36, NASB95) ",None,20-Jan,,,,
bda43f51-0e14-4ab8-9aa7-ed11009f3a44,"""I thought age should speak, And increased years should teach wisdom. “But it is a spirit in man, And the breath of the Almighty gives them understanding.” (Job 32:7–8, NASB95) ",None,21-Jan,,,,
9c28ad62-f8ad-46f7-b2d9-854110ee1329,"""For the word of God is living and active and sharper than any two-edged sword, and piercing as far as the division of soul and spirit, of both joints and marrow, and able to judge the thoughts and intentions of the heart.” (Hebrews 4:12, NASB95) ",None,22-Jan,,,,
cbf8a6e9-86f7-48dc-a19b-eee6bf3e573e,"""The Spirit of the Lord will rest on Him, The spirit of wisdom and understanding, The spirit of counsel and strength, The spirit of knowledge and the fear of the Lord.” (Isaiah 11:2, NASB95) ",None,23-Jan,,,,
bfc624e9-732d-4e96-a9a3-943a5f5a1d36,"""All my bones will say, “Lord, who is like You, Who delivers the afflicted from him who is too strong for him, And the afflicted and the needy from him who robs him?”” (Psalm 35:10, NASB95) ",None,24-Jan,,,,
3a546e87-9559-4f70-aed0-0ab2a27d4a75,"""For this reason I bow my knees before the Father, from whom every family in heaven and on earth derives its name,” (Ephesians 3:14–15, NASB95) ",None,25-Jan,,,,
cf8f46d1-a445-48ee-9e67-e26c24e894fc,"""Now the Lord said to Abram, “Go forth from your country, And from your relatives And from your father’s house, To the land which I will show you;” (Genesis 12:1, NASB95) ",None,26-Jan,,,,
6c3071bf-6d8f-4ff3-96d8-85e81fdc73ac,"""If I should say, “My foot has slipped,” Your lovingkindness, O Lord, will hold me up.” (Psalm 94:18, NASB95) ",None,27-Jan,,,,
f57e5e7f-1096-4192-accd-9662c9f72f60,"""When my anxious thoughts multiply within me, Your consolations delight my soul.” (Psalm 94:19, NASB95) ",None,28-Jan,,,,
4b6a5763-7cf8-4cef-98ca-fa2f192dda1e,"""Oh give thanks to the Lord, for He is good, For His lovingkindness is everlasting.” (Psalm 107:1, NASB95) ",None,29-Jan,,,,
e39d84a4-dd66-43d3-8afa-eb59cb489c18,"""For I know the plans that I have for you,’ declares the Lord, ‘plans for welfare and not for calamity to give you a future and a hope.” (Jeremiah 29:11, NASB95) ",None,30-Jan,,,,
a012a596-8a37-422c-bd25-018546eb5864,"""Then you will call upon Me and come and pray to Me, and I will listen to you.” (Jeremiah 29:12, NASB95) ",None,31-Jan,,,,
dc5ef8f0-78a4-4ee9-bf54-d93640857c48,"""You will seek Me and find Me when you search for Me with all your heart.” (Jeremiah 29:13, NASB95) ",None,01-Feb,,,,
82ca0124-f20d-4103-9b88-dd6fc588b360,"""I will be found by you,’ declares the Lord, ‘and I will restore your fortunes and will gather you from all the nations and from all the places where I have driven you,’ declares the Lord, ‘and I will bring you back to the place from where I sent you into exile.’” (Jeremiah 29:14, NASB95) ",None,02-Feb,,,,
f68e4be3-f8a2-4578-aa98-20bde28414f0,"""So now, our God, listen to the prayer of Your servant and to his supplications, and for Your sake, O Lord, let Your face shine on Your desolate sanctuary.” (Daniel 9:17, NASB95) ",None,03-Feb,,,,
06640029-abfa-41c6-8c52-f981b9d649cb,"""O my God, incline Your ear and hear! Open Your eyes and see our desolations and the city which is called by Your name; for we are not presenting our supplications before You on account of any merits of our own, but on account of Your great compassion.” (Daniel 9:18, NASB95) ",None,04-Feb,,,,
36edd8a6-61d6-41a0-8a4a-07c45593ef9d,"""O Lord, hear! O Lord, forgive! O Lord, listen and take action! For Your own sake, O my God, do not delay, because Your city and Your people are called by Your name.”” (Daniel 9:19, NASB95) ",None,05-Feb,,,,
6198da43-8aa7-4c5c-90f6-e6e56fc21e62,"""Because he has loved Me, therefore I will deliver him; I will set him securely on high, because he has known My name.” (Psalm 91:14, NASB95) ",None,06-Feb,,,,
38a75d05-6be8-4877-895c-df6a7263ecb1,"""For He will give His angels charge concerning you, To guard you in all your ways.” (Psalm 91:11, NASB95) ",None,07-Feb,,,,
6cc98ef2-012f-4f64-9927-8d35514c4885,"““He will call upon Me, and I will answer him; I will be with him in trouble; I will rescue him and honor him. “With a long life I will satisfy him And let him see My salvation.”” (Psalm 91:15–16, NASB95) ",None,08-Feb,,,,
c0426484-cf4a-4b5c-a4ce-7a4a2b1c59c2,"““There is hope for your future,” declares the Lord, “And your children will return to their own territory.” (Jeremiah 31:17, NASB95) ",None,09-Feb,,,,
352dbb85-dc4f-445d-8f5b-66816f88cfe0,"“Those who trust in the Lord Are as Mount Zion, which cannot be moved but abides forever.” (Psalm 125:1, NASB95) ",None,10-Feb,,,,
abbdff6c-b465-4320-8f3d-40f762484632,"“As the mountains surround Jerusalem, So the Lord surrounds His people From this time forth and forever.” (Psalm 125:2, NASB95) ",None,11-Feb,,,,
de94f69c-d5bb-43bc-9de8-fb059bb00ecc,"“To the pure, all things are pure; but to those who are defiled and unbelieving, nothing is pure, but both their mind and their conscience are defiled.” (Titus 1:15, NASB95) ",None,12-Feb,,,,
0260aa73-2936-4910-904f-c63528ee6c81,"“Sing to the Lord a new song, Sing His praise from the end of the earth! You who go down to the sea, and all that is in it. You islands, and those who dwell on them.” (Isaiah 42:10, NASB95) ",None,13-Feb,,,,
052ada75-2ebf-45ee-9af9-33c64477ba39,"““I will lead the blind by a way they do not know, In paths they do not know I will guide them. I will make darkness into light before them And rugged places into plains. These are the things I will do, And I will not leave them undone.”” (Isaiah 42:16, NASB95) ",None,14-Feb,,,,
e0dec010-04a0-4d72-9a1e-3a8e329cb619,"“Therefore He is able also to save forever those who draw near to God through Him, since He always lives to make intercession for them.” (Hebrews 7:25, NASB95) ",None,15-Feb,,,,
715ff109-dfa9-4cd3-a85a-93dcefece0dc,"““Moreover, as for me, far be it from me that I should sin against the Lord by ceasing to pray for you; but I will instruct you in the good and right way.” (1 Samuel 12:23, NASB95) ",None,16-Feb,,,,
90345248-f84d-4c9b-9f49-a431219c3387,"““For the Lord will not abandon His people on account of His great name, because the Lord has been pleased to make you a people for Himself.” (1 Samuel 12:22, NASB95) ",None,17-Feb,,,,
0635eace-b563-47d9-afff-fdab988b58d9,"“Whoever believes that Jesus is the Christ is born of God, and whoever loves the Father loves the child born of Him.” (1 John 5:1, NASB95) ",None,18-Feb,,,,
0ca0173a-74a7-4942-a649-c635f2ae386e,"“By this we know that we love the children of God, when we love God and observe His commandments.” (1 John 5:2, NASB95) ",None,19-Feb,,,,
7636da66-377b-4d8c-af71-40424d9bf960,"“For this is the love of God, that we keep His commandments; and His commandments are not burdensome.” (1 John 5:3, NASB95) ",None,20-Feb,,,,
75a0ec85-586e-453e-8ebe-5f3135e56b7b,"“Whoever believes that Jesus is the Christ is born of God, and whoever loves the Father loves the child born of Him.” (1 John 5:1, NASB95) ",None,21-Feb,,,,
33c3e656-1b73-4b18-85c1-8c17b9639b09,"“See how great a love the Father has bestowed on us, that we would be called children of God; and such we are. For this reason the world does not know us, because it did not know Him.” (1 John 3:1, NASB95) ",None,22-Feb,,,,
0169e995-63b4-4ef6-975c-2b0a6f500129,"“Beloved, now we are children of God, and it has not appeared as yet what we will be. We know that when He appears, we will be like Him, because we will see Him just as He is.” (1 John 3:2, NASB95) ",None,23-Feb,,,,
c68502a8-9f08-4d3d-9aad-373e9face636,"“And everyone who has this hope fixed on Him purifies himself, just as He is pure.” (1 John 3:3, NASB95) ",None,24-Feb,,,,
a43caa5e-19ba-4c1f-8fb9-acfe70c7ec24,"“For this is the message which you have heard from the beginning, that we should love one another;” (1 John 3:11, NASB95) ",None,25-Feb,,,,
4216c653-7a8f-4d25-b6d7-dd39ffd9c3a4,"“We know love by this, that He laid down His life for us; and we ought to lay down our lives for the brethren.” (1 John 3:16, NASB95) ",None,26-Feb,,,,
e5713605-052c-4bdd-ad2f-29675ee440b5,"“Little children, let us not love with word or with tongue, but in deed and truth.” (1 John 3:18, NASB95) ",None,27-Feb,,,,
7183232f-87a5-4c15-939b-03b7b74f6e35,"“This is His commandment, that we believe in the name of His Son Jesus Christ, and love one another, just as He commanded us.” (1 John 3:23, NASB95) ",None,28-Feb,,,,
3d16a468-5c00-4581-b1d6-48bce24e32f8,"“The one who keeps His commandments abides in Him, and He in him. We know by this that He abides in us, by the Spirit whom He has given us.” (1 John 3:24, NASB95) ",None,01-Mar,,,,
9677708f-5373-423a-8163-54c88c1dbbd5,"“I have no greater joy than this, to hear of my children walking in the truth.” (3 John 4, NASB95) ",None,02-Mar,,,,
96981575-d689-4a46-bd5d-487ea4edba4c,"“Not that I have already obtained it or have already become perfect, but I press on so that I may lay hold of that for which also I was laid hold of by Christ Jesus.” (Philippians 3:12, NASB95) ",None,03-Mar,,,,
e75e8a58-f386-4beb-9240-6ec1d330049f,"“Brethren, I do not regard myself as having laid hold of it yet; but one thing I do: forgetting what lies behind and reaching forward to what lies ahead, I press on toward the goal for the prize of the upward call of God in Christ Jesus.” (Philippians 3:13–14, NASB95) ",None,04-Mar,,,,
323cca5a-d472-457b-b4e7-7eaccc417015,"“But I have trusted in Your lovingkindness; My heart shall rejoice in Your salvation. I will sing to the Lord, Because He has dealt bountifully with me.” (Psalm 13:5–6, NASB95) ",None,05-Mar,,,,
9318d117-9599-481c-b6f5-170ebf679728,"“The Lord has looked down from heaven upon the sons of men To see if there are any who understand, Who seek after God.” (Psalm 14:2, NASB95) ",None,06-Mar,,,,
41d91aa8-df35-4c53-addb-b9115e4f1a38,"“The words of the Lord are pure words; As silver tried in a furnace on the earth, refined seven times.” (Psalm 12:6, NASB95) ",None,07-Mar,,,,
a361ca7a-4664-40b5-b8b1-fec7de1445c4,"“For the needy will not always be forgotten, Nor the hope of the afflicted perish forever.” (Psalm 9:18, NASB95) ",None,08-Mar,,,,
5bb4c852-baa8-4b5a-80e2-42539d32cb40,"“The heavens are telling of the glory of God; And their expanse is declaring the work of His hands.” (Psalm 19:1, NASB95) ",None,09-Mar,,,,
0d634711-8c9e-49ae-9222-fb01a2d98bb5,"“The law of the Lord is perfect, restoring the soul; The testimony of the Lord is sure, making wise the simple.” (Psalm 19:7, NASB95) ",None,10-Mar,,,,
8c70465b-b525-4d3f-aabf-979f4bd58ee9,"“The precepts of the Lord are right, rejoicing the heart; The commandment of the Lord is pure, enlightening the eyes.” (Psalm 19:8, NASB95) ",None,11-Mar,,,,
92c1ff62-2c9f-42eb-b078-0289da6f4c94,"“The fear of the Lord is clean, enduring forever; The judgments of the Lord are true; they are righteous altogether.” (Psalm 19:9, NASB95) ",None,12-Mar,,,,
c28f8323-45f7-4457-b1a2-bc7699e7acbf,"“Let the words of my mouth and the meditation of my heart Be acceptable in Your sight, O Lord, my rock and my Redeemer.” (Psalm 19:14, NASB95) ",None,13-Mar,,,,
38367e5c-6bed-4299-8955-6c10c5b60e19,"“How can a young man keep his way pure? By keeping it according to Your word.” (Psalm 119:9, NASB95) ",None,14-Mar,,,,
5a7f682c-5045-4041-b46e-bfdacf028965,"“Your word I have treasured in my heart, That I may not sin against You.” (Psalm 119:11, NASB95) ",None,15-Mar,,,,
57417057-d95e-4887-90ef-4e9de4695078,"“Open my eyes, that I may behold Wonderful things from Your law.” (Psalm 119:18, NASB95) ",None,16-Mar,,,,
2281e5c7-e2dc-4c06-b964-3f822583cc02,"“Make me understand the way of Your precepts, So I will meditate on Your wonders.” (Psalm 119:27, NASB95) ",None,17-Mar,,,,
e2e3c1fc-c32d-496b-9ff3-27ccedfa55a4,"“Give me understanding, that I may observe Your law And keep it with all my heart.” (Psalm 119:34, NASB95) ",None,18-Mar,,,,
b39fdfdd-35cc-42d2-8f82-7fb18f098695,"“Establish Your word to Your servant, As that which produces reverence for You.” (Psalm 119:38, NASB95) ",None,19-Mar,,,,
537c015b-a8cd-4222-90cf-4ce1e5a19cf4,"“May Your lovingkindnesses also come to me, O Lord, Your salvation according to Your word;” (Psalm 119:41, NASB95) ",None,20-Mar,,,,
84d35133-1cbf-4161-ac8f-1ec96b3b27a3,"“Remember the word to Your servant, In which You have made me hope.” (Psalm 119:49, NASB95) ",None,21-Mar,,,,
b244005b-69c1-42ae-a3cf-e1f826fb1898,"“This is my comfort in my affliction, That Your word has revived me.” (Psalm 119:50, NASB95) ",None,22-Mar,,,,
38e8479b-9f62-4deb-8372-420352ae018e,"“Your statutes are my songs In the house of my pilgrimage. O Lord, I remember Your name in the night, And keep Your law.” (Psalm 119:54–55, NASB95) ",None,23-Mar,,,,
e1730613-fc11-4ffa-afa3-45f19cab9ff7,"“I considered my ways And turned my feet to Your testimonies.” (Psalm 119:59, NASB95) ",None,24-Mar,,,,
9d5c2742-3760-4fa5-ba42-98db48b83b91,"“At midnight I shall rise to give thanks to You Because of Your righteous ordinances.” (Psalm 119:62, NASB95) ",None,25-Mar,,,,
972530a7-283c-4f6d-99b2-68dace7edc94,"““I have other sheep, which are not of this fold; I must bring them also, and they will hear My voice; and they will become one flock with one shepherd.” (John 10:16, NASB95) ",None,26-Mar,,,,
c82bec1c-5e22-4c9a-8bfd-f1d48aef56ff,"“You have loved righteousness and hated wickedness; Therefore God, Your God, has anointed You With the oil of joy above Your fellows.” (Psalm 45:7, NASB95) ",None,27-Mar,,,,
25e4ed3f-2cc3-472b-b882-235d72872671,"“But now, O Lord, You are our Father, We are the clay, and You our potter; And all of us are the work of Your hand.” (Isaiah 64:8, NASB95) ",None,28-Mar,,,,
a5f0d9c4-db3b-4d62-8738-7a7d15a7cbb4,"“Look down from heaven and see from Your holy and glorious habitation; Where are Your zeal and Your mighty deeds? The stirrings of Your heart and Your compassion are restrained toward me.” (Isaiah 63:15, NASB95) ",None,29-Mar,,,,
ae28c546-3ae3-4bbc-8de6-060da0b93d05,"“Who caused His glorious arm to go at the right hand of Moses, Who divided the waters before them to make for Himself an everlasting name, Who led them through the depths? Like the horse in the wilderness, they did not stumble;” (Isaiah 63:12–13, NASB95) ",None,30-Mar,,,,
897a8080-1b25-42c4-b691-6d1cf96ce8c7,"“In all their affliction He was afflicted, And the angel of His presence saved them; In His love and in His mercy He redeemed them, And He lifted them and carried them all the days of old.” (Isaiah 63:9, NASB95) ",None,31-Mar,,,,
d5af07b8-7863-4f37-b129-ecc4aa2e3359,"“I shall make mention of the lovingkindnesses of the Lord, the praises of the Lord, According to all that the Lord has granted us, And the great goodness toward the house of Israel, Which He has granted them according to His compassion And according to the abundance of His lovingkindnesses.” (Isaiah 63:7, NASB95) ",None,01-Apr,,,,
bc9ed24e-c672-4349-b9b7-50767529c7fc,"“Go through, go through the gates, Clear the way for the people; Build up, build up the highway, Remove the stones, lift up a standard over the peoples.” (Isaiah 62:10, NASB95) ",None,02-Apr,,,,
0a470aa7-0ac8-400f-b2a9-40e45d0d3157,"“Behold, the Lord has proclaimed to the end of the earth, Say to the daughter of Zion, “Lo, your salvation comes; Behold His reward is with Him, and His recompense before Him.”” (Isaiah 62:11, NASB95) ",None,03-Apr,,,,
ca629084-c3ad-4dfd-8487-67d2c2d42aab,"“All of us like sheep have gone astray, Each of us has turned to his own way; But the Lord has caused the iniquity of us all To fall on Him.” (Isaiah 53:6, NASB95)",None,04-Apr,,,,
f57a449a-4cd4-48e8-9809-bbc39796a6fd,"“He was oppressed and He was afflicted, Yet He did not open His mouth; Like a lamb that is led to slaughter, And like a sheep that is silent before its shearers, So He did not open His mouth.” (Isaiah 53:7, NASB95) ",None,05-Apr,,,,
715aa00a-4af5-49bf-9b38-39d0acdd3fda,"“Bless the Lord, O my soul, And all that is within me, bless His holy name.” (Psalm 103:1, NASB95) ",None,06-Apr,,,,
e7cb2de7-4038-4879-ba57-0ffdb23387b5,"“Bless the Lord, O my soul, And forget none of His benefits; Who pardons all your iniquities, Who heals all your diseases;” (Psalm 103:2–3, NASB95) ",None,07-Apr,,,,
6cab7ee0-6e29-48d0-85bb-1ac852a17db5,"“The Lord is compassionate and gracious, Slow to anger and abounding in lovingkindness.” (Psalm 103:8, NASB95) ",None,08-Apr,,,,
3f664733-703d-4e1d-9367-9c8c3596d16f,"“He will not always strive with us, Nor will He keep His anger forever. He has not dealt with us according to our sins, Nor rewarded us according to our iniquities.” (Psalm 103:9–10, NASB95) ",None,09-Apr,,,,
776c751f-663f-432d-8132-14e08ab3a8c1,"“For as high as the heavens are above the earth, So great is His lovingkindness toward those who fear Him. As far as the east is from the west, So far has He removed our transgressions from us.” (Psalm 103:11–12, NASB95) ",None,10-Apr,,,,
20420dd7-faab-4eae-929d-4f68558fa4e0,"“Just as a father has compassion on his children, So the Lord has compassion on those who fear Him. For He Himself knows our frame; He is mindful that we are but dust.” (Psalm 103:13–14, NASB95) ",None,11-Apr,,,,
d040bdfd-6dbf-42f9-a6c8-9f5dd5b95839,"“But the lovingkindness of the Lord is from everlasting to everlasting on those who fear Him, And His righteousness to children’s children, To those who keep His covenant And remember His precepts to do them.” (Psalm 103:17–18, NASB95) ",None,12-Apr,,,,
e533b52f-522d-4fdf-b807-ac3af9d90767,"“This I recall to my mind, Therefore I have hope. The Lord’s lovingkindnesses indeed never cease, For His compassions never fail. They are new every morning; Great is Your faithfulness.” (Lamentations 3:21–23, NASB95) ",None,13-Apr,,,,
5134f32a-8dd9-473d-9129-09bcf8a1da26,"“Create in me a clean heart, O God, And renew a steadfast spirit within me.” (Psalm 51:10, NASB95) ",None,14-Apr,,,,
730d9e96-e9f3-423f-a229-c6a4ed660671,"“Do not cast me away from Your presence And do not take Your Holy Spirit from me. Restore to me the joy of Your salvation And sustain me with a willing spirit.” (Psalm 51:11–12, NASB95) ",None,15-Apr,,,,
a71e2650-5745-49d7-b6c8-9e120052222d,"“Be gracious to me, O God, according to Your lovingkindness; According to the greatness of Your compassion blot out my transgressions.” (Psalm 51:1, NASB95) ",None,16-Apr,,,,
d53c694c-9225-4982-ac43-20d4cc7c2799,"“And my God will supply all your needs according to His riches in glory in Christ Jesus.” (Philippians 4:19, NASB95) ",None,17-Apr,,,,
7c7ca959-4296-42da-8453-0995cbe3406c,"“Or do you think that the Scripture speaks to no purpose: “He jealously desires the Spirit which He has made to dwell in us”?” (James 4:5, NASB95) ",None,18-Apr,,,,
056a8d5a-ad68-4335-b745-97d6c26b7e1d,"“Now all these things are from God, who reconciled us to Himself through Christ and gave us the ministry of reconciliation, namely, that God was in Christ reconciling the world to Himself, not counting their trespasses against them, and He has committed to us the word of reconciliation.” (2 Corinthians 5:18–19, NASB95) ",None,19-Apr,,,,
05d76a03-0ac9-42c6-ae17-68624156aae0,"“Day by day continuing with one mind in the temple, and breaking bread from house to house, they were taking their meals together with gladness and sincerity of heart,” (Acts 2:46, NASB95) ",None,20-Apr,,,,
f4a7cc82-024d-4ca3-b2a9-b8fe0825c40c,"““Therefore repent and return, so that your sins may be wiped away, in order that times of refreshing may come from the presence of the Lord; and that He may send Jesus, the Christ appointed for you, whom heaven must receive until the period of restoration of all things about which God spoke by the mouth of His holy prophets from ancient time.” (Acts 3:19–21, NASB95) ",None,21-Apr,,,,
c21115a0-1569-4d50-a9a5-65235bde2d71,"“In the beginning was the Word, and the Word was with God, and the Word was God.” (John 1:1, NASB95) ",None,22-Apr,,,,
cb49b160-d0df-4274-8125-3d126c0067d1,"“But as many as received Him, to them He gave the right to become children of God, even to those who believe in His name, who were born, not of blood nor of the will of the flesh nor of the will of man, but of God. And the Word became flesh, and dwelt among us, and we saw His glory, glory as of the only begotten from the Father, full of grace and truth.” (John 1:12–14, NASB95) ",None,23-Apr,,,,
f1538dba-832b-484c-9fb5-a26ba3bc9a50,"““In Your lovingkindness You have led the people whom You have redeemed; In Your strength You have guided them to Your holy habitation.” (Exodus 15:13, NASB95) ",None,24-Apr,,,,
9c94a92d-eb86-439c-9fe9-08c7ce0fcde6,"““You will bring them and plant them in the mountain of Your inheritance, The place, O Lord, which You have made for Your dwelling, The sanctuary, O Lord, which Your hands have established.” (Exodus 15:17, NASB95) ",None,25-Apr,,,,
489baeff-ce50-4a90-ac73-3a8b1c5c19ad,"““Behold, I will gather them out of all the lands to which I have driven them in My anger, in My wrath and in great indignation; and I will bring them back to this place and make them dwell in safety.” (Jeremiah 32:37, NASB95) ",None,26-Apr,,,,
557c9015-0b01-46a0-8363-c47e65087240,"““They shall be My people, and I will be their God; and I will give them one heart and one way, that they may fear Me always, for their own good and for the good of their children after them.” (Jeremiah 32:38–39, NASB95) ",None,27-Apr,,,,
2771d837-9e22-481b-a7e1-893cdc5a8275,"““I will make an everlasting covenant with them that I will not turn away from them, to do them good; and I will put the fear of Me in their hearts so that they will not turn away from Me.” (Jeremiah 32:40, NASB95) ",None,28-Apr,,,,
83ae85bd-e728-4825-9dac-656725b5a3e2,"““I will rejoice over them to do them good and will faithfully plant them in this land with all My heart and with all My soul.” (Jeremiah 32:41, NASB95) ",None,29-Apr,,,,
ed48240e-3c1a-4504-9e20-cbd8f6261677,"“All the ends of the earth will remember and turn to the Lord, And all the families of the nations will worship before You.” (Psalm 22:27, NASB95) ",None,30-Apr,,,,
35b4c9d7-5564-4f59-8427-7d751e0e3467,"“Pray for the peace of Jerusalem: “May they prosper who love you.” (Psalm 122:6, NASB95) ",None,01-May,,,,
32463875-95f7-4642-ba6b-57a82a8798b3,"“It is the glory of God to conceal a matter, But the glory of kings is to search out a matter.” (Proverbs 25:2, NASB95) ",None,02-May,,,,
00e50b3f-7bfd-49b8-a990-843fc16ffc12,"““The secret things belong to the Lord our God, but the things revealed belong to us and to our sons forever, that we may observe all the words of this law.” (Deuteronomy 29:29, NASB95) ",None,03-May,,,,
c981e64e-a927-44e7-b6e4-032c0e8111a6,"“Surely the Lord God does nothing Unless He reveals His secret counsel To His servants the prophets.” (Amos 3:7, NASB95) ",None,04-May,,,,
0667fff3-ed2d-475d-b867-4765c628775f,"“And He was saying to them, “To you has been given the mystery of the kingdom of God, but those who are outside get everything in parables, so that while seeing, they may see and not perceive, and while hearing, they may hear and not understand, otherwise they might return and be forgiven.”” (Mark 4:11–12, NASB95) ",None,05-May,,,,
0c9401a6-d928-4424-99da-65870b35bdfe,"“Now He said to them, “These are My words which I spoke to you while I was still with you, that all things which are written about Me in the Law of Moses and the Prophets and the Psalms must be fulfilled.” Then He opened their minds to understand the Scriptures,” (Luke 24:44–45, NASB95) ",None,06-May,,,,
134efddc-4ce8-4aab-8979-150a362d6dba,"““No longer do I call you slaves, for the slave does not know what his master is doing; but I have called you friends, for all things that I have heard from My Father I have made known to you.” (John 15:15, NASB95) ",None,07-May,,,,
177982f6-5819-4b89-bb40-f65458a2d1e2,"““You did not choose Me but I chose you, and appointed you that you would go and bear fruit, and that your fruit would remain, so that whatever you ask of the Father in My name He may give to you.” (John 15:16, NASB95) ",None,08-May,,,,
ef461b8e-479e-436c-9eae-a6a18ecc99ee,"““This I command you, that you love one another.” (John 15:17, NASB95) ",None,09-May,,,,
46b1d4e9-b9c7-4960-8374-4cf592940a0f,"“The secret of the Lord is for those who fear Him, And He will make them know His covenant.” (Psalm 25:14, NASB95) ",None,10-May,,,,
7de4da30-3074-4b26-9106-fc00d67a8ae7,"“For this reason also, since the day we heard of it, we have not ceased to pray for you and to ask that you may be filled with the knowledge of His will in all spiritual wisdom and understanding,” (Colossians 1:9, NASB95) ",None,11-May,,,,
8a4e26fe-c053-4dad-8afe-f6bec86bcf57,"“On your walls, O Jerusalem, I have appointed watchmen; All day and all night they will never keep silent. You who remind the Lord, take no rest for yourselves;” (Isaiah 62:6, NASB95) ",None,12-May,,,,
3b5d8cce-b79c-4788-ae46-4966fc4a8cb8,"“Yet I will exult in the Lord, I will rejoice in the God of my salvation. The Lord God is my strength, And He has made my feet like hinds’ feet, And makes me walk on my high places.” (Habakkuk 3:18–19, NASB95) ",None,13-May,,,,
788714ca-ea00-4b4f-951c-392f62f7d403,"“Who has ascended into heaven and descended? Who has gathered the wind in His fists? Who has wrapped the waters in His garment? Who has established all the ends of the earth? What is His name or His son’s name? Surely you know!” (Proverbs 30:4, NASB95) ",None,14-May,,,,
ea2e6ac4-ab14-4c61-aab6-8c5f0f004e6f,"“If someone says, “I love God,” and hates his brother, he is a liar; for the one who does not love his brother whom he has seen, cannot love God whom he has not seen. And this commandment we have from Him, that the one who loves God should love his brother also.” (1 John 4:20–21, NASB95) ",None,15-May,,,,
d1e12e69-7609-4a35-bb7d-7e661b783341,"“For we are His workmanship, created in Christ Jesus for good works, which God prepared beforehand so that we would walk in them.” (Ephesians 2:10, NASB95) ",None,16-May,,,,
a7a2bb3b-38bb-4324-b78d-87fe5875fb9c,"“So don’t bother correcting mockers; they will only hate you. But correct the wise, and they will love you.” (Proverbs 9:8, NLT) ",None,17-May,,,,
1e73127d-f999-46bc-91d0-42f0c89d8e3a,"““Do not call to mind the former things, Or ponder things of the past. “Behold, I will do something new, Now it will spring forth; Will you not be aware of it? I will even make a roadway in the wilderness, Rivers in the desert.” (Isaiah 43:18–19, NASB95) ",None,18-May,,,,
eaa29bb2-811a-4c0a-b6f7-4cb576a0d636,"“For the Law was given through Moses; grace and truth were realized through Jesus Christ.” (John 1:17, NASB95) ",None,19-May,,,,
e8f5945a-4767-4430-8b2e-d129be0c8c6b,"“For He will give His angels charge concerning you, To guard you in all your ways.” (Psalm 91:11, NASB95) ",None,20-May,,,,
26f79830-ec87-4d76-a929-878c34543a84,"““He will call upon Me, and I will answer him; I will be with him in trouble; I will rescue him and honor him. “With a long life I will satisfy him And let him see My salvation.”” (Psalm 91:15–16, NASB95) ",None,21-May,,,,
2cef6e41-fcbc-4443-ac97-0a839b8e5f93,"“Oh give thanks to the Lord, call upon His name; Make known His deeds among the peoples.” (Psalm 105:1, NASB95) ",None,22-May,,,,
013dcc73-e762-490b-b2ea-aa84de319fc2,"“The one who keeps His commandments abides in Him, and He in him. We know by this that He abides in us, by the Spirit whom He has given us.” (1 John 3:24, NASB95) ",None,23-May,,,,
4104bee9-0958-4ed0-86d1-22e13588d15e,"“You, O Lord, will not withhold Your compassion from me; Your lovingkindness and Your truth will continually preserve me.” (Psalm 40:11, NASB95) ",None,24-May,,,,
a326b201-316f-41ae-8ca6-58e299df8153,"“Forever, O Lord, Your word is settled in heaven. Your faithfulness continues throughout all generations; You established the earth, and it stands.” (Psalm 119:89–90, NASB95) ",None,25-May,,,,
ac42db51-dcec-47fb-b67d-91e02357a0a5,"“He who restrains his words has knowledge, And he who has a cool spirit is a man of understanding.” (Proverbs 17:27, NASB95) ",None,26-May,,,,
714c5e84-1f37-4ee4-a240-24b880720ed6,"“Jesus said to them, “Is this not the reason you are mistaken, that you do not understand the Scriptures or the power of God?” (Mark 12:24, NASB95) ",None,27-May,,,,
dc3552cc-789a-4b57-899a-5372df38338e,"“And we know that God causes all things to work together for good to those who love God, to those who are called according to His purpose.” (Romans 8:28, NASB95) ",None,28-May,,,,
b8393004-3424-48e2-bc43-98480f01626b,"“And all these, having gained approval through their faith, did not receive what was promised, because God had provided something better for us, so that apart from us they would not be made perfect.” (Hebrews 11:39–40, NASB95) ",None,29-May,,,,
9fb6a44f-3d74-433b-b8eb-773f8dddcdbd,"“So faith comes from hearing, and hearing by the word of Christ.” (Romans 10:17, NASB95) ",None,30-May,,,,
961c56ee-08d0-4035-ae2a-742eabaf8bc6,"“See how great a love the Father has bestowed on us, that we would be called children of God; and such we are. For this reason the world does not know us, because it did not know Him.” (1 John 3:1, NASB95) ",None,31-May,,,,
bbb096c1-00ec-41d1-81d2-7b5c1a4e29f6,"“Beloved, now we are children of God, and it has not appeared as yet what we will be. We know that when He appears, we will be like Him, because we will see Him just as He is.” (1 John 3:2, NASB95) ",None,01-Jun,,,,
d9881aca-f058-4a0f-a47a-f5c102e71a42,"“Then they will rebuild the ancient ruins, They will raise up the former devastations; And they will repair the ruined cities, The desolations of many generations.” (Isaiah 61:4, NASB95) ",None,02-Jun,,,,
0796f855-88f1-4fe1-81f8-55a2bea84aba,"“He who is slow to anger is better than the mighty, And he who rules his spirit, than he who captures a city.” (Proverbs 16:32, NASB95) ",None,03-Jun,,,,
7ec295f5-1a21-458d-99f6-60c124bc9ac2,"“See to it that you do not refuse Him who is speaking. For if those did not escape when they refused him who warned them on earth, much less will we escape who turn away from Him who warns from heaven.” (Hebrews 12:25, NASB95) ",None,04-Jun,,,,
0c79b39f-72ee-49f6-ab93-13f86e0caf5a,"“But Joseph said to them, “Do not be afraid, for am I in God’s place? “As for you, you meant evil against me, but God meant it for good in order to bring about this present result, to preserve many people alive.” (Genesis 50:19–20, NASB95) ",None,05-Jun,,,,
2de85a90-ddb9-4a3f-8b9a-00d7e57dc244,"“Yet those who wait for the Lord Will gain new strength; They will mount up with wings like eagles, They will run and not get tired, They will walk and not become weary.” (Isaiah 40:31, NASB95) ",None,06-Jun,,,,
b4e5f879-accf-4999-a69a-993816b9953e,"“He gives strength to the weary, And to him who lacks might He increases power.” (Isaiah 40:29, NASB95) ",None,07-Jun,,,,
6c9dae23-47f9-4010-81d6-3e691df4eb7c,"“Do you not know? Have you not heard? The Everlasting God, the Lord, the Creator of the ends of the earth Does not become weary or tired. His understanding is inscrutable.” (Isaiah 40:28, NASB95) ",None,08-Jun,,,,
d7daab9f-2785-4f69-8b96-40fc1cd306b0,"“The grass withers, the flower fades, But the word of our God stands forever.” (Isaiah 40:8, NASB95) ",None,09-Jun,,,,
9f49c14b-19ff-4ee3-879b-2e5f7cfa3677,"“Do not quench the Spirit; do not despise prophetic utterances. But examine everything carefully; hold fast to that which is good;” (1 Thessalonians 5:19–21, NASB95) ",None,10-Jun,,,,
9ed5f06c-62d7-4dae-bbc2-67d903c35b83,"“They will not hurt or destroy in all My holy mountain, For the earth will be full of the knowledge of the Lord As the waters cover the sea.” (Isaiah 11:9, NASB95) ",None,11-Jun,,,,
dc2f5c25-6f9e-43c9-b181-ec198054d320,"“Watch over your heart with all diligence, For from it flow the springs of life.” (Proverbs 4:23, NASB95) ",None,12-Jun,,,,
84b7be41-2210-436e-b019-f5557b11a58a,"“Where there is no prophetic vision the people cast off restraint, but blessed is he who keeps the law.” (Proverbs 29:18, ESV) ",None,13-Jun,,,,
af41770f-9787-4a28-bbd1-b8e35804348f,"““Is this not the fast which I choose, To loosen the bonds of wickedness, To undo the bands of the yoke, And to let the oppressed go free And break every yoke?” (Isaiah 58:6, NASB95) ",None,14-Jun,,,,
aa041f7b-2576-4ae5-878a-271136aba30d,"““Then your light will break out like the dawn, And your recovery will speedily spring forth; And your righteousness will go before you; The glory of the Lord will be your rear guard.” (Isaiah 58:8, NASB95) ",None,15-Jun,,,,
6a3bf3d3-29fd-4393-bb99-3cecfe9b8a68,"““Then you will call, and the Lord will answer; You will cry, and He will say, ‘Here I am.’ If you remove the yoke from your midst, The pointing of the finger and speaking wickedness,” (Isaiah 58:9, NASB95) ",None,16-Jun,,,,
46a7242a-4a62-46fa-8d00-f375248b7bc5,"“And if you give yourself to the hungry And satisfy the desire of the afflicted, Then your light will rise in darkness And your gloom will become like midday.” (Isaiah 58:10, NASB95) ",None,17-Jun,,,,
d15755e6-fe63-48b7-a1d5-f6a0b3ca3358,"““And the Lord will continually guide you, And satisfy your desire in scorched places, And give strength to your bones; And you will be like a watered garden, And like a spring of water whose waters do not fail.” (Isaiah 58:11, NASB95) ",None,18-Jun,,,,
dc53b658-5129-4774-8b87-dd17ca69eaff,"““Those from among you will rebuild the ancient ruins; You will raise up the age-old foundations; And you will be called the repairer of the breach, The restorer of the streets in which to dwell.” (Isaiah 58:12, NASB95) ",None,19-Jun,,,,
0f4281fa-1fd2-43e4-b0c1-6325ee2b1d8d,"““For God so loved the world, that He gave His only begotten Son, that whoever believes in Him shall not perish, but have eternal life.” (John 3:16, NASB95) ",None,20-Jun,,,,
80ad2c67-79b1-420a-a087-7642a78530c7,"““Now My eyes will be open and My ears attentive to the prayer offered in this place. “For now I have chosen and consecrated this house that My name may be there forever, and My eyes and My heart will be there perpetually.” (2 Chronicles 7:15–16, NASB95) ",None,21-Jun,,,,
284f5e24-f7fd-4635-9a9a-7f0c4ef2a63f,"““But will God indeed dwell with mankind on the earth? Behold, heaven and the highest heaven cannot contain You; how much less this house which I have built.” (2 Chronicles 6:18, NASB95) ",None,22-Jun,,,,
1bca43b4-764f-43d2-9550-95a4be34a389,"“Let the word of Christ richly dwell within you, with all wisdom teaching and admonishing one another with psalms and hymns and spiritual songs, singing with thankfulness in your hearts to God.” (Colossians 3:16, NASB95) ",None,23-Jun,,,,
47f75b4e-12aa-43da-843e-18affffa7c9b,"“Whatever you do in word or deed, do all in the name of the Lord Jesus, giving thanks through Him to God the Father.” (Colossians 3:17, NASB95) ",None,24-Jun,,,,
a209f886-cbd5-455d-aff3-781e9a7b9e5b,"““For you are a holy people to the Lord your God; the Lord your God has chosen you to be a people for His own possession out of all the peoples who are on the face of the earth.” (Deuteronomy 7:6, NASB95) ",None,25-Jun,,,,
eb4e89f1-8b46-4edd-b32f-37475f6ae66e,"““The Lord did not set His love on you nor choose you because you were more in number than any of the peoples, for you were the fewest of all peoples,” (Deuteronomy 7:7, NASB95) ",None,26-Jun,,,,
f0ffeff5-c033-4e11-ad19-d2578583e51f,"““Know therefore that the Lord your God, He is God, the faithful God, who keeps His covenant and His lovingkindness to a thousandth generation with those who love Him and keep His commandments;” (Deuteronomy 7:9, NASB95)",None,27-Jun,,,,
2b54280a-7c0e-469b-8dac-571f00f403c0,"“First of all, then, I urge that entreaties and prayers, petitions and thanksgivings, be made on behalf of all men, for kings and all who are in authority, so that we may lead a tranquil and quiet life in all godliness and dignity.” (1 Timothy 2:1–2, NASB95) ",None,28-Jun,,,,
c867de9e-c429-454e-9f3a-7e5133e92514,"“Obey your leaders and submit to them, for they keep watch over your souls as those who will give an account. Let them do this with joy and not with grief, for this would be unprofitable for you.” (Hebrews 13:17, NASB95) ",None,29-Jun,,,,
86efe2fb-2d23-4906-befd-178321e7c91d,"“Since you have in obedience to the truth purified your souls for a sincere love of the brethren, fervently love one another from the heart, for you have been born again not of seed which is perishable but imperishable, that is, through the living and enduring word of God.” (1 Peter 1:22–23, NASB95) ",None,30-Jun,,,,
412197ed-35e8-48e8-8f9b-6859e849f05c,"“I would have despaired unless I had believed that I would see the goodness of the Lord In the land of the living. Wait for the Lord; Be strong and let your heart take courage; Yes, wait for the Lord.” (Psalm 27:13–14, NASB95) ",None,01-Jul,,,,
d0423923-46e9-42f0-a807-d55d44867b33,"“Hear, O Lord, when I cry with my voice, And be gracious to me and answer me.” (Psalm 27:7, NASB95) ",None,02-Jul,,,,
c258da6a-4f6c-48b6-873f-ebbaf64fecfa,"“My soul, wait in silence for God only, For my hope is from Him. He only is my rock and my salvation, My stronghold; I shall not be shaken.” (Psalm 62:5–6, NASB95) ",None,03-Jul,,,,
0b0c3fb4-0406-4af3-8eee-603c51fa3007,"“On God my salvation and my glory rest; The rock of my strength, my refuge is in God. Trust in Him at all times, O people; Pour out your heart before Him; God is a refuge for us. Selah.” (Psalm 62:7–8, NASB95) ",None,04-Jul,,,,
e7487b8b-c2cf-4a2b-a9c5-8204fd58edbb,"“And without faith it is impossible to please Him, for he who comes to God must believe that He is and that He is a rewarder of those who seek Him.” (Hebrews 11:6, NASB95) ",None,05-Jul,,,,
f87b4cff-c7a8-4bad-a99b-218505982f86,"“‘For I know the plans that I have for you,’ declares the Lord, ‘plans for welfare and not for calamity to give you a future and a hope.” (Jeremiah 29:11, NASB95) ",None,06-Jul,,,,
af1dc11d-95a2-454b-b363-19c2972bb180,"“‘Then you will call upon Me and come and pray to Me, and I will listen to you.” (Jeremiah 29:12, NASB95) ",None,07-Jul,,,,
84f6fe29-0578-4cb3-a9fc-ddd71d20dea1,"“‘You will seek Me and find Me when you search for Me with all your heart.” (Jeremiah 29:13, NASB95) ",None,08-Jul,,,,
51f7cd07-02f8-4dc4-8a11-29c5a701cb1c,"“‘I will be found by you,’ declares the Lord, ‘and I will restore your fortunes and will gather you from all the nations and from all the places where I have driven you,’ declares the Lord, ‘and I will bring you back to the place from where I sent you into exile.’” (Jeremiah 29:14, NASB95) ",None,09-Jul,,,,
ba23d249-6faa-45e7-b151-3547a4838f89,"“Finally, brethren, whatever is true, whatever is honorable, whatever is right, whatever is pure, whatever is lovely, whatever is of good repute, if there is any excellence and if anything worthy of praise, dwell on these things.” (Philippians 4:8, NASB95) ",None,10-Jul,,,,
a9e45574-57fb-445e-a289-6384b2206eff,"“But what does it say? “The word is near you, in your mouth and in your heart”—that is, the word of faith which we are preaching, that if you confess with your mouth Jesus as Lord, and believe in your heart that God raised Him from the dead, you will be saved;” (Romans 10:8–9, NASB95) ",None,11-Jul,,,,
211e75dc-03fc-45a1-a2d9-f7614fe74482,"“and when He had given thanks, He broke it and said, “This is My body, which is for you; do this in remembrance of Me.”” (1 Corinthians 11:24, NASB95) ",None,12-Jul,,,,
7805b04e-d4d9-4ee1-94d6-bb220e24e054,"“In the same way He took the cup also after supper, saying, “This cup is the new covenant in My blood; do this, as often as you drink it, in remembrance of Me.”” (1 Corinthians 11:25, NASB95) ",None,13-Jul,,,,
406d7b1d-08ae-4087-a20c-578445c55133,"“All things are lawful, but not all things are profitable. All things are lawful, but not all things edify.” (1 Corinthians 10:23, NASB95) ",None,14-Jul,,,,
d9ad7332-bc1f-4db5-b3b2-f6ca969b4b49,"“It is a trustworthy statement, deserving full acceptance, that Christ Jesus came into the world to save sinners, among whom I am foremost of all.” (1 Timothy 1:15, NASB95) ",None,15-Jul,,,,
a2b69390-d4bf-44c0-9bd8-51622a74982c,"“Yet for this reason I found mercy, so that in me as the foremost, Jesus Christ might demonstrate His perfect patience as an example for those who would believe in Him for eternal life.” (1 Timothy 1:16, NASB95) ",None,16-Jul,,,,
e8a8ee07-20d7-4217-bbaf-0a9ae521a63a,"“This will be written for the generation to come, That a people yet to be created may praise the Lord.” (Psalm 102:18, NASB95) ",None,17-Jul,,,,
347851ad-904d-4f7a-9bd4-fb1e2f1e9b7c,"““This is My commandment, that you love one another, just as I have loved you.” (John 15:12, NASB95) ",None,18-Jul,,,,
9608dcaf-39e1-49fa-924a-bfce0e14eff7,"““Just as the Father has loved Me, I have also loved you; abide in My love.” (John 15:9, NASB95) ",None,19-Jul,,,,
947e9b4c-d6fe-4fcd-8b3d-5fdae22ee262,"““If you keep My commandments, you will abide in My love; just as I have kept My Father’s commandments and abide in His love.” (John 15:10, NASB95) ",None,20-Jul,,,,
bdbf0f9b-87e4-4204-9751-fa261bea823a,"““My Father is glorified by this, that you bear much fruit, and so prove to be My disciples.” (John 15:8, NASB95) ",None,21-Jul,,,,
5623c0e0-34a7-454e-afde-ec48aadac3b4,"““I am the vine, you are the branches; he who abides in Me and I in him, he bears much fruit, for apart from Me you can do nothing.” (John 15:5, NASB95) ",None,22-Jul,,,,
7456c487-2a25-4570-a914-f70cc2b67415,"““But the Helper, the Holy Spirit, whom the Father will send in My name, He will teach you all things, and bring to your remembrance all that I said to you.” (John 14:26, NASB95) ",None,23-Jul,,,,
5d686e2d-0efb-4d12-8d78-95d739c2ae14,"“So then neither the one who plants nor the one who waters is anything, but God who causes the growth.” (1 Corinthians 3:7, NASB95) ",None,24-Jul,,,,
748e2b22-58fe-4e5d-8614-2d8c7bc14299,"“If I speak with the tongues of men and of angels, but do not have love, I have become a noisy gong or a clanging cymbal. If I have the gift of prophecy, and know all mysteries and all knowledge; and if I have all faith, so as to remove mountains, but do not have love, I am nothing.” (1 Corinthians 13:1–2, NASB95) ",None,25-Jul,,,,
7cf6c446-334a-44d7-b0c1-0886ee4a0807,"“Love never fails; but if there are gifts of prophecy, they will be done away; if there are tongues, they will cease; if there is knowledge, it will be done away.” (1 Corinthians 13:8, NASB95) ",None,26-Jul,,,,
f662a2db-60c7-4db7-85fc-2ef5befed523,"“For we know in part and we prophesy in part; but when the perfect comes, the partial will be done away.” (1 Corinthians 13:9–10, NASB95) ",None,27-Jul,,,,
6b186faa-bb34-4bea-b473-ea85846ed1fa,"“But now faith, hope, love, abide these three; but the greatest of these is love.” (1 Corinthians 13:13, NASB95) ",None,28-Jul,,,,
2a35abbb-a5b6-4012-a3e8-43f38ea5958c,"““You call Me Teacher and Lord; and you are right, for so I am. “If I then, the Lord and the Teacher, washed your feet, you also ought to wash one another’s feet. “For I gave you an example that you also should do as I did to you.” (John 13:13–15, NASB95) ",None,29-Jul,,,,
c95e9dde-b645-4943-a257-e3c42af88fdb,"““But the things which God announced beforehand by the mouth of all the prophets, that His Christ would suffer, He has thus fulfilled.” (Acts 3:18, NASB95) ",None,30-Jul,,,,
47116f46-e488-49d5-a896-0c6f6efc3dcf,"“Being found in appearance as a man, He humbled Himself by becoming obedient to the point of death, even death on a cross.” (Philippians 2:8, NASB95) ",None,31-Jul,,,,
3a544820-94f5-481e-8124-7a0a3e69d82d,"“For this reason also, God highly exalted Him, and bestowed on Him the name which is above every name,” (Philippians 2:9, NASB95) ",None,01-Aug,,,,
b69f71ed-aa87-421d-94ac-97b692f2003c,"““Then I will give you shepherds after My own heart, who will feed you on knowledge and understanding.” (Jeremiah 3:15, NASB95) ",None,02-Aug,,,,
0cf54769-72ee-4cc4-8973-511422a815e3,"““At that time they will call Jerusalem ‘The Throne of the Lord,’ and all the nations will be gathered to it, to Jerusalem, for the name of the Lord; nor will they walk anymore after the stubbornness of their evil heart.” (Jeremiah 3:17, NASB95) ",None,03-Aug,,,,
8ec140ff-a34f-40c5-8b75-b43696204eaa,"“It is for discipline that you endure; God deals with you as with sons; for what son is there whom his father does not discipline?” (Hebrews 12:7, NASB95) ",None,04-Aug,,,,
0d1093e5-5c1f-4ae0-8d65-2f082fbde671,"“‘Seek the welfare of the city where I have sent you into exile, and pray to the Lord on its behalf; for in its welfare you will have welfare.’” (Jeremiah 29:7, NASB95) ",None,05-Aug,,,,
0f269c69-6024-4ae5-8a79-049c8ad1a070,"“He said, “Go your way, Daniel, for these words are concealed and sealed up until the end time. “Many will be purged, purified and refined, but the wicked will act wickedly; and none of the wicked will understand, but those who have insight will understand.” (Daniel 12:9–10, NASB95) ",None,06-Aug,,,,
f4c845c2-8492-41a8-bd47-6078e604db00,"“The Lord bless you, and keep you; The Lord make His face shine on you, And be gracious to you; The Lord lift up His countenance on you, And give you peace.’” (Numbers 6:24–26, NASB95) ",None,07-Aug,,,,
c9d72bc2-c84a-4f07-8084-d3c8fd19a97c,"“‘Call to Me and I will answer you, and I will tell you great and mighty things, which you do not know.’” (Jeremiah 33:3, NASB95) ",None,08-Aug,,,,
bec7c969-799c-4304-a102-236c1feb4533,"“Therefore I run in such a way, as not without aim; I box in such a way, as not beating the air; but I discipline my body and make it my slave, so that, after I have preached to others, I myself will not be disqualified.” (1 Corinthians 9:26–27, NASB95) ",None,09-Aug,,,,
f5acb2e7-f823-444a-b909-ba2b44bb9e2b,"“And He said to her, “Daughter, your faith has made you well; go in peace and be healed of your affliction.”” (Mark 5:34, NASB95) ",None,10-Aug,,,,
391c9ced-6275-43e2-a8f1-214b97bc77bf,"“Hear my voice, O God, in my complaint; Preserve my life from dread of the enemy.” (Psalm 64:1, NASB95) ",None,11-Aug,,,,
e8735055-dd38-4b5b-8b2a-bd1754c2fb04,"“The righteous man will be glad in the Lord and will take refuge in Him; And all the upright in heart will glory.” (Psalm 64:10, NASB95) ",None,12-Aug,,,,
80002819-790e-4fc8-a1fd-c1f3aa016a6a,"“Your eyes have seen my unformed substance; And in Your book were all written The days that were ordained for me, When as yet there was not one of them.” (Psalm 139:16, NASB95) ",None,13-Aug,,,,
04ef0b93-798a-40ea-877d-f662a05bb362,"“How precious also are Your thoughts to me, O God! How vast is the sum of them!” (Psalm 139:17, NASB95) ",None,14-Aug,,,,
850b7fa7-510a-4d4d-a290-5d80b791ab90,"““Do not touch My anointed ones, And do My prophets no harm.”” (Psalm 105:15, NASB95) ",None,15-Aug,,,,
ad18334c-d390-4c7b-9367-bf73161a7d01,"“And many peoples will come and say, “Come, let us go up to the mountain of the Lord, To the house of the God of Jacob; That He may teach us concerning His ways And that we may walk in His paths.” For the law will go forth from Zion And the word of the Lord from Jerusalem.” (Isaiah 2:3, NASB95) ",None,16-Aug,,,,
2843763e-22eb-4c42-92d7-12b836abf6f0,"“Those who sow in tears shall reap with joyful shouting. He who goes to and fro weeping, carrying his bag of seed, Shall indeed come again with a shout of joy, bringing his sheaves with him.” (Psalm 126:5–6, NASB95) ",None,17-Aug,,,,
e90516f6-0a36-47c7-ac60-6cff1fbf8769,"“The one who loves his brother abides in the Light and there is no cause for stumbling in him.” (1 John 2:10, NASB95) ",None,18-Aug,,,,
708eeaf8-3a53-48a0-9e4e-12baf4f21ffd,"“Whoever confesses that Jesus is the Son of God, God abides in him, and he in God.” (1 John 4:15, NASB95) ",None,19-Aug,,,,
df13ba29-f9f7-4971-84f0-f5ef68803e21,"“We have come to know and have believed the love which God has for us. God is love, and the one who abides in love abides in God, and God abides in him.” (1 John 4:16, NASB95) ",None,20-Aug,,,,
9ea5f0d9-e649-4ea7-a2f6-513a457dfaad,"“By this, love is perfected with us, so that we may have confidence in the day of judgment; because as He is, so also are we in this world.” (1 John 4:17, NASB95) ",None,21-Aug,,,,
f1145b81-4cf0-4fa5-8c24-58521ae49f45,"“There is no fear in love; but perfect love casts out fear, because fear involves punishment, and the one who fears is not perfected in love.” (1 John 4:18, NASB95) ",None,22-Aug,,,,
f73caede-19a5-4995-ba22-6e9deffe4bc8,"““Let your light shine before men in such a way that they may see your good works, and glorify your Father who is in heaven.” (Matthew 5:16, NASB95) ",None,23-Aug,,,,
3d5026f6-420c-4530-8472-559d50626d4b,"““You are the light of the world. A city set on a hill cannot be hidden;” (Matthew 5:14, NASB95) ",None,24-Aug,,,,
96a2f0c4-ce6d-4736-bc71-f34a797b66b5,"““Do not think that I came to abolish the Law or the Prophets; I did not come to abolish but to fulfill.” (Matthew 5:17, NASB95) ",None,25-Aug,,,,
ae6a565e-4704-4b55-87c0-7425c118d5fd,"““Whoever then annuls one of the least of these commandments, and teaches others to do the same, shall be called least in the kingdom of heaven; but whoever keeps and teaches them, he shall be called great in the kingdom of heaven.” (Matthew 5:19, NASB95) ",None,26-Aug,,,,
4defc4f4-9769-4149-920e-ffdee0d4f2b6,"““Do not judge so that you will not be judged. “For in the way you judge, you will be judged; and by your standard of measure, it will be measured to you.” (Matthew 7:1–2, NASB95) ",None,27-Aug,,,,
2cc0ab49-94f5-49fe-91b3-d6dcdace6848,"““But you, when you pray, go into your inner room, close your door and pray to your Father who is in secret, and your Father who sees what is done in secret will reward you.” (Matthew 6:6, NASB95) ",None,28-Aug,,,,
739fa10f-98c4-484e-a792-3fcc144a88ba,"““And when you are praying, do not use meaningless repetition as the Gentiles do, for they suppose that they will be heard for their many words.” (Matthew 6:7, NASB95) ",None,29-Aug,,,,
7bc8faae-acd4-4e41-bcd8-7888cd6e5693,"““For if you forgive others for their transgressions, your heavenly Father will also forgive you. “But if you do not forgive others, then your Father will not forgive your transgressions.” (Matthew 6:14–15, NASB95) ",None,30-Aug,,,,
e1dbb8e5-493e-4abf-86a9-62f400b50d6c,"“The right hand of the Lord is exalted; The right hand of the Lord does valiantly. I will not die, but live, And tell of the works of the Lord. The Lord has disciplined me severely, But He has not given me over to death.” (Psalm 118:16–18, NASB95) ",None,31-Aug,,,,
68ce052c-0ad5-4f3b-af71-a8401a23d254,"“Save Your people and bless Your inheritance; Be their shepherd also, and carry them forever.” (Psalm 28:9, NASB95) ",None,01-Sep,,,,
acbbc1b9-ed72-44ea-8c05-281fb4a17edf,"“Though a host encamp against me, My heart will not fear; Though war arise against me, In spite of this I shall be confident.” (Psalm 27:3, NASB95) ",None,02-Sep,,,,
7dc990f2-43bd-4d90-a5c0-56b733fc7760,"“One thing I have asked from the Lord, that I shall seek: That I may dwell in the house of the Lord all the days of my life, To behold the beauty of the Lord And to meditate in His temple.” (Psalm 27:4, NASB95) ",None,03-Sep,,,,
ceab05eb-e2f3-4192-b1bb-095c58947fb9,"“For in the day of trouble He will conceal me in His tabernacle; In the secret place of His tent He will hide me; He will lift me up on a rock.” (Psalm 27:5, NASB95) ",None,04-Sep,,,,
4638e557-42af-405a-a6d3-50ee5293e487,"“And now my head will be lifted up above my enemies around me, And I will offer in His tent sacrifices with shouts of joy; I will sing, yes, I will sing praises to the Lord.” (Psalm 27:6, NASB95) ",None,05-Sep,,,,
5278fad0-2578-4b84-b072-40f3f63a0efc,"“Hear, O Lord, when I cry with my voice, And be gracious to me and answer me.” (Psalm 27:7, NASB95) ",None,06-Sep,,,,
aae59cae-f0a5-408d-adc2-7e49f42b4d88,"“When You said, “Seek My face,” my heart said to You, “Your face, O Lord, I shall seek.”” (Psalm 27:8, NASB95) ",None,07-Sep,,,,
ef1c39b1-9706-4b67-988a-ccd3ae4c8656,"“Do not hide Your face from me, Do not turn Your servant away in anger; You have been my help; Do not abandon me nor forsake me, O God of my salvation!” (Psalm 27:9, NASB95) ",None,08-Sep,,,,
a507d13b-154d-4810-9c3c-e5ae6a05c9d0,"““I do not ask on behalf of these alone, but for those also who believe in Me through their word; that they may all be one; even as You, Father, are in Me and I in You, that they also may be in Us, so that the world may believe that You sent Me.” (John 17:20–21, NASB95) ",None,09-Sep,,,,
f8944d2b-eff1-4890-95fe-a165084e6966,"““The glory which You have given Me I have given to them, that they may be one, just as We are one; I in them and You in Me, that they may be perfected in unity, so that the world may know that You sent Me, and loved them, even as You have loved Me.” (John 17:22–23, NASB95) ",None,10-Sep,,,,
a1ced6fa-2fba-4d96-b596-9cb147ed7a7f,"“But if we judged ourselves rightly, we would not be judged. But when we are judged, we are disciplined by the Lord so that we will not be condemned along with the world.” (1 Corinthians 11:31–32, NASB95) ",None,11-Sep,,,,
df0c0c49-69a4-4f4c-8a42-583fb2e96262,"“And they remembered that God was their rock, And the Most High God their Redeemer.” (Psalm 78:35, NASB95) ",None,12-Sep,,,,
9d400073-1811-4a49-954a-58c46aea8e46,"“Let the priests, the Lord’s ministers, Weep between the porch and the altar, And let them say, “Spare Your people, O Lord, And do not make Your inheritance a reproach, A byword among the nations. Why should they among the peoples say, ‘Where is their God?’ ”” (Joel 2:17, NASB95) ",None,13-Sep,,,,
8cc98308-5405-45ee-a209-ef1c2d8b6e15,"“So rejoice, O sons of Zion, And be glad in the Lord your God; For He has given you the early rain for your vindication. And He has poured down for you the rain, The early and latter rain as before.” (Joel 2:23, NASB95) ",None,14-Sep,,,,
b23b28f5-a6cb-4e0e-aea2-5b4eceddfdf9,"““Thus you will know that I am in the midst of Israel, And that I am the Lord your God, And there is no other; And My people will never be put to shame.” (Joel 2:27, NASB95) ",None,15-Sep,,,,
60bacc25-ccd6-44f6-99ba-44354b98f15f,"““It will come about after this That I will pour out My Spirit on all mankind; And your sons and daughters will prophesy, Your old men will dream dreams, Your young men will see visions.” (Joel 2:28, NASB95) ",None,16-Sep,,,,
6e25344b-656a-4fb6-affa-d32b329f2a4f,"“And He said to him, “ ‘You shall love the Lord your God with all your heart, and with all your soul, and with all your mind.’ “This is the great and foremost commandment. “The second is like it, ‘You shall love your neighbor as yourself.’ “On these two commandments depend the whole Law and the Prophets.”” (Matthew 22:37–40, NASB95) ",None,17-Sep,,,,
deec967f-3ccd-4f17-b161-741d7ad06016,"“To this end also we pray for you always, that our God will count you worthy of your calling, and fulfill every desire for goodness and the work of faith with power, so that the name of our Lord Jesus will be glorified in you, and you in Him, according to the grace of our God and the Lord Jesus Christ.” (2 Thessalonians 1:11–12, NASB95) ",None,18-Sep,,,,
41a7ab1c-99f5-47b6-b8c6-2bbd60a4fdbd,"“when He comes to be glorified in His saints on that day, and to be marveled at among all who have believed—for our testimony to you was believed.” (2 Thessalonians 1:10, NASB95) ",None,19-Sep,,,,
0ed91533-3674-4d80-96b1-9379e46cb587,"“For you were called to freedom, brethren; only do not turn your freedom into an opportunity for the flesh, but through love serve one another.” (Galatians 5:13, NASB95) ",None,20-Sep,,,,
43767204-3883-48fa-a451-dfe3ee522257,"“For the whole Law is fulfilled in one word, in the statement, “You shall love your neighbor as yourself.”” (Galatians 5:14, NASB95) ",None,21-Sep,,,,
cd8f79c7-1e70-4b37-b31f-3dc14abff226,"““In everything, therefore, treat people the same way you want them to treat you, for this is the Law and the Prophets.” (Matthew 7:12, NASB95) ",None,22-Sep,,,,
a2665add-7ca8-4327-9f5b-8cf1626d5ff7,"““Can the prey be taken from the mighty man, Or the captives of a tyrant be rescued?” Surely, thus says the Lord, “Even the captives of the mighty man will be taken away, And the prey of the tyrant will be rescued; For I will contend with the one who contends with you, And I will save your sons.” (Isaiah 49:24–25, NASB95) ",None,23-Sep,,,,
cb19a726-eaed-48a3-97ef-b5b08fdc2f40,"““Behold, days are coming,” declares the Lord God, “When I will send a famine on the land, Not a famine for bread or a thirst for water, But rather for hearing the words of the Lord. “People will stagger from sea to sea And from the north even to the east; They will go to and fro to seek the word of the Lord, But they will not find it.” (Amos 8:11–12, NASB95) ",None,24-Sep,,,,
e8dacf07-5c7f-4e15-9a1f-721ee0b64b68,"“For by Him all things were created, both in the heavens and on earth, visible and invisible, whether thrones or dominions or rulers or authorities—all things have been created through Him and for Him. He is before all things, and in Him all things hold together.” (Colossians 1:16–17, NASB95) ",None,25-Sep,,,,
e7727016-7108-4b63-afd0-0a3fb6f03d91,"""Then they cried out to the Lord in their trouble; He saved them out of their distresses.” (Psalm 107:13, NASB95) ",None,26-Sep,,,,
32edf919-7e5e-47c1-a755-ea68529aaaab,"""Let them give thanks to the Lord for His lovingkindness, And for His wonders to the sons of men!” (Psalm 107:15, NASB95) ",None,27-Sep,,,,
de403291-b562-42a6-a65f-af09e32b3d3d,"""Then they cried out to the Lord in their trouble; He saved them out of their distresses.” (Psalm 107:19, NASB95) ",None,28-Sep,,,,
7073ee98-b5a7-4bed-beca-e7c34eaa833c,"""He sent His word and healed them, And delivered them from their destructions.” (Psalm 107:20, NASB95) ",None,29-Sep,,,,
ab7fb0a1-0735-4964-9fc1-c9e17782e641,"""He changes a wilderness into a pool of water And a dry land into springs of water;” (Psalm 107:35, NASB95) ",None,30-Sep,,,,
863cb695-337e-4cae-a5c6-23ef10deb075,"""No weapon that is formed against you will prosper; And every tongue that accuses you in judgment you will condemn. This is the heritage of the servants of the Lord, And their vindication is from Me,” declares the Lord.” (Isaiah 54:17, NASB95) ",None,01-Oct,,,,
b776b320-de22-4d41-a854-ed28f5f2df3f,"""Let the words of my mouth and the meditation of my heart Be acceptable in Your sight, O Lord, my rock and my Redeemer.” (Psalm 19:14, NASB95) ",None,02-Oct,,,,
d3ea33b4-6419-4b95-9918-9766a30a2d31,"""The Lord God has given Me the tongue of disciples, That I may know how to sustain the weary one with a word. He awakens Me morning by morning, He awakens My ear to listen as a disciple.” (Isaiah 50:4, NASB95) ",None,03-Oct,,,,
7b98ff6e-1c8c-4b46-a377-7937298383fb,"""The Lord God has opened My ear; And I was not disobedient Nor did I turn back.” (Isaiah 50:5, NASB95) ",None,04-Oct,,,,
6668b192-6052-4709-91db-2418a42925be,"""The fear of the Lord is the beginning of knowledge; Fools despise wisdom and instruction.” (Proverbs 1:7, NASB95) ",None,05-Oct,,,,
a7b08609-8455-42c7-9a48-aea4d5df95aa,"""Let everything that has breath praise the Lord. Praise the Lord!” (Psalm 150:6, NASB95) ",None,06-Oct,,,,
d76cb029-2807-4dff-ba69-0685f6ff036b,"""Draw near to God and He will draw near to you. Cleanse your hands, you sinners; and purify your hearts, you double-minded.” (James 4:8, NASB95)",None,07-Oct,,,,
09927f3c-9772-40a0-9678-186c49c5929d,"""Yet You are holy, O You who are enthroned upon the praises of Israel. In You our fathers trusted; They trusted and You delivered them.” (Psalm 22:3–4, NASB95) ",None,08-Oct,,,,
4cf4694a-f9ca-4b6b-b578-1c6489cf3b74,"""Praise the Lord! Sing to the Lord a new song, And His praise in the congregation of the godly ones.” (Psalm 149:1, NASB95) ",None,09-Oct,,,,
b107b857-9c51-47b4-ad97-988b3ebe293d,"""O sing to the Lord a new song, For He has done wonderful things, His right hand and His holy arm have gained the victory for Him.” (Psalm 98:1, NASB95) ",None,10-Oct,,,,
3b9a43c4-5f36-4dd5-95d2-d6be743a7b94,"""The Lord has made known His salvation; He has revealed His righteousness in the sight of the nations.” (Psalm 98:2, NASB95) ",None,11-Oct,,,,
4352b33f-aecb-4bd1-ba2d-4cdb4563cec7,"""He has remembered His lovingkindness and His faithfulness to the house of Israel; All the ends of the earth have seen the salvation of our God.” (Psalm 98:3, NASB95) ",None,12-Oct,,,,
3385577a-ee47-4127-b213-fb69f9a445af,"""Behold, I will do something new, Now it will spring forth; Will you not be aware of it? I will even make a roadway in the wilderness, Rivers in the desert.” (Isaiah 43:19, NASB95) ",None,13-Oct,,,,
6e49f752-1068-4d49-b84c-75c4c8c8890b,"""Who has put wisdom in the innermost being Or given understanding to the mind?” (Job 38:36, NASB95) ",None,14-Oct,,,,
babdb1eb-40c1-4507-8243-e91028df7614,"""I thought age should speak, And increased years should teach wisdom. “But it is a spirit in man, And the breath of the Almighty gives them understanding.” (Job 32:7–8, NASB95) ",None,15-Oct,,,,
1d4e1137-6203-4d37-bddc-2e95f79d8193,"""For the word of God is living and active and sharper than any two-edged sword, and piercing as far as the division of soul and spirit, of both joints and marrow, and able to judge the thoughts and intentions of the heart.” (Hebrews 4:12, NASB95) ",None,16-Oct,,,,
6f86780f-e5eb-44e4-b633-66d7ce5166ef,"""The Spirit of the Lord will rest on Him, The spirit of wisdom and understanding, The spirit of counsel and strength, The spirit of knowledge and the fear of the Lord.” (Isaiah 11:2, NASB95) ",None,17-Oct,,,,
aa7416bf-e1a7-48a8-9ba9-e5e7251817ad,"""All my bones will say, “Lord, who is like You, Who delivers the afflicted from him who is too strong for him, And the afflicted and the needy from him who robs him?”” (Psalm 35:10, NASB95) ",None,18-Oct,,,,
fde3d1d3-3217-4d4f-94d6-e08df5126822,"""For this reason I bow my knees before the Father, from whom every family in heaven and on earth derives its name,” (Ephesians 3:14–15, NASB95) ",None,19-Oct,,,,
139cb75c-4869-496d-9c74-b1b632c0974b,"""Now the Lord said to Abram, “Go forth from your country, And from your relatives And from your father’s house, To the land which I will show you;” (Genesis 12:1, NASB95) ",None,20-Oct,,,,
dbefe840-24f5-49a7-bed2-e3d1c4154f4d,"""If I should say, “My foot has slipped,” Your lovingkindness, O Lord, will hold me up.” (Psalm 94:18, NASB95) ",None,21-Oct,,,,
2d0ddf76-6ab3-4d72-91dc-93d7b034c86b,"""When my anxious thoughts multiply within me, Your consolations delight my soul.” (Psalm 94:19, NASB95) ",None,22-Oct,,,,
8ac9e0eb-c4b3-4e1b-bb0a-e5abd7d166c1,"""Oh give thanks to the Lord, for He is good, For His lovingkindness is everlasting.” (Psalm 107:1, NASB95) ",None,23-Oct,,,,
9f60990e-7dd0-45a3-9d05-f70d417644fe,"""For I know the plans that I have for you,’ declares the Lord, ‘plans for welfare and not for calamity to give you a future and a hope.” (Jeremiah 29:11, NASB95) ",None,24-Oct,,,,
319c0d4e-e6a0-4066-a0cb-252fd34bf383,"""Then you will call upon Me and come and pray to Me, and I will listen to you.” (Jeremiah 29:12, NASB95) ",None,25-Oct,,,,
db21f5e2-c8e4-4229-a37d-b6cbd58ce98f,"""You will seek Me and find Me when you search for Me with all your heart.” (Jeremiah 29:13, NASB95) ",None,26-Oct,,,,
db6a87cc-350e-4599-bf6e-75bf4bf9ad4f,"""I will be found by you,’ declares the Lord, ‘and I will restore your fortunes and will gather you from all the nations and from all the places where I have driven you,’ declares the Lord, ‘and I will bring you back to the place from where I sent you into exile.’” (Jeremiah 29:14, NASB95) ",None,27-Oct,,,,
328b12b6-cbb0-4c90-a3a2-5770eb32c9cd,"""So now, our God, listen to the prayer of Your servant and to his supplications, and for Your sake, O Lord, let Your face shine on Your desolate sanctuary.” (Daniel 9:17, NASB95) ",None,28-Oct,,,,
ba75ed49-ab51-4207-ba30-8035c4a034ed,"""O my God, incline Your ear and hear! Open Your eyes and see our desolations and the city which is called by Your name; for we are not presenting our supplications before You on account of any merits of our own, but on account of Your great compassion.” (Daniel 9:18, NASB95) ",None,29-Oct,,,,
a35ee9a0-172a-41e3-ba13-16db61b6da61,"""O Lord, hear! O Lord, forgive! O Lord, listen and take action! For Your own sake, O my God, do not delay, because Your city and Your people are called by Your name.”” (Daniel 9:19, NASB95) ",None,30-Oct,,,,
2c9aed6a-82d7-4499-916a-112869d4964b,"""Because he has loved Me, therefore I will deliver him; I will set him securely on high, because he has known My name.” (Psalm 91:14, NASB95) ",None,31-Oct,,,,
108993c9-8aca-4f1a-b5dc-ea7ce8ae7b8b,"""For He will give His angels charge concerning you, To guard you in all your ways.” (Psalm 91:11, NASB95) ",None,01-Nov,,,,
e6824a6f-111f-4445-857f-3514e2e3de96,"““He will call upon Me, and I will answer him; I will be with him in trouble; I will rescue him and honor him. “With a long life I will satisfy him And let him see My salvation.”” (Psalm 91:15–16, NASB95) ",None,02-Nov,,,,
eb7fae17-e56f-4233-948d-4338703076cd,"““There is hope for your future,” declares the Lord, “And your children will return to their own territory.” (Jeremiah 31:17, NASB95) ",None,03-Nov,,,,
ab1d7dfb-6383-430e-aa47-1b80fe42985a,"“Those who trust in the Lord Are as Mount Zion, which cannot be moved but abides forever.” (Psalm 125:1, NASB95) ",None,04-Nov,,,,
ebe1b506-f89a-4e45-bd3e-3366139bcfb8,"“As the mountains surround Jerusalem, So the Lord surrounds His people From this time forth and forever.” (Psalm 125:2, NASB95) ",None,05-Nov,,,,
1eea7497-8c84-455a-9a62-a86da4ed79a7,"“To the pure, all things are pure; but to those who are defiled and unbelieving, nothing is pure, but both their mind and their conscience are defiled.” (Titus 1:15, NASB95) ",None,06-Nov,,,,
8f08c58c-2eb5-4e49-bce5-c027bd37ef5b,"“Sing to the Lord a new song, Sing His praise from the end of the earth! You who go down to the sea, and all that is in it. You islands, and those who dwell on them.” (Isaiah 42:10, NASB95) ",None,07-Nov,,,,
4061290c-bca6-4baa-99c9-d9972af29dd1,"““I will lead the blind by a way they do not know, In paths they do not know I will guide them. I will make darkness into light before them And rugged places into plains. These are the things I will do, And I will not leave them undone.”” (Isaiah 42:16, NASB95) ",None,08-Nov,,,,
d82e11c2-8250-4a66-b323-d7339d77a08d,"“Therefore He is able also to save forever those who draw near to God through Him, since He always lives to make intercession for them.” (Hebrews 7:25, NASB95) ",None,09-Nov,,,,
93126aea-12f5-49f3-90ed-55b390033412,"““Moreover, as for me, far be it from me that I should sin against the Lord by ceasing to pray for you; but I will instruct you in the good and right way.” (1 Samuel 12:23, NASB95) ",None,10-Nov,,,,
b90b4f0a-944d-4b44-935f-2f790f886128,"““For the Lord will not abandon His people on account of His great name, because the Lord has been pleased to make you a people for Himself.” (1 Samuel 12:22, NASB95) ",None,11-Nov,,,,
c9132fd9-b213-4a6e-b9fe-66cf1c748616,"“Whoever believes that Jesus is the Christ is born of God, and whoever loves the Father loves the child born of Him.” (1 John 5:1, NASB95) ",None,12-Nov,,,,
f147dbce-3477-4e4c-8128-1d9740f64541,"“By this we know that we love the children of God, when we love God and observe His commandments.” (1 John 5:2, NASB95) ",None,13-Nov,,,,
63f31f98-94e3-4cad-91f4-3abe62c826c4,"“For this is the love of God, that we keep His commandments; and His commandments are not burdensome.” (1 John 5:3, NASB95) ",None,14-Nov,,,,
59340502-7f0b-4187-9acd-3b8df042f2d2,"“Whoever believes that Jesus is the Christ is born of God, and whoever loves the Father loves the child born of Him.” (1 John 5:1, NASB95) ",None,15-Nov,,,,
08fc1822-df79-4dd7-be6e-be11205b64c8,"“See how great a love the Father has bestowed on us, that we would be called children of God; and such we are. For this reason the world does not know us, because it did not know Him.” (1 John 3:1, NASB95) ",None,16-Nov,,,,
d734ba48-7828-4105-8a21-186101c0ab6c,"“Beloved, now we are children of God, and it has not appeared as yet what we will be. We know that when He appears, we will be like Him, because we will see Him just as He is.” (1 John 3:2, NASB95) ",None,17-Nov,,,,
e9c0b1af-e811-44e8-9a1a-e92bbbd3feb5,"“And everyone who has this hope fixed on Him purifies himself, just as He is pure.” (1 John 3:3, NASB95) ",None,18-Nov,,,,
a316cb41-4751-4fb5-8cb2-b374da6b615c,"“For this is the message which you have heard from the beginning, that we should love one another;” (1 John 3:11, NASB95) ",None,19-Nov,,,,
7a8fec79-9a95-4417-b74c-078e9466f708,"“We know love by this, that He laid down His life for us; and we ought to lay down our lives for the brethren.” (1 John 3:16, NASB95) ",None,20-Nov,,,,
81490908-fc29-4805-beb7-047637c6b5ea,"“Little children, let us not love with word or with tongue, but in deed and truth.” (1 John 3:18, NASB95) ",None,21-Nov,,,,
1f96e168-8e57-4baf-bf88-6082bd8b7660,"“This is His commandment, that we believe in the name of His Son Jesus Christ, and love one another, just as He commanded us.” (1 John 3:23, NASB95) ",None,22-Nov,,,,
51e3c438-8e8e-484d-87f1-85926abb3eb3,"“The one who keeps His commandments abides in Him, and He in him. We know by this that He abides in us, by the Spirit whom He has given us.” (1 John 3:24, NASB95) ",None,23-Nov,,,,
0cc57163-3108-4aac-8826-d6e7e284a697,"“I have no greater joy than this, to hear of my children walking in the truth.” (3 John 4, NASB95) ",None,24-Nov,,,,
99a7f23a-4405-4a10-8ebb-0eb7510fd544,"“Not that I have already obtained it or have already become perfect, but I press on so that I may lay hold of that for which also I was laid hold of by Christ Jesus.” (Philippians 3:12, NASB95) ",None,25-Nov,,,,
45b193a5-7121-4927-bf4a-171c064082a9,"“Brethren, I do not regard myself as having laid hold of it yet; but one thing I do: forgetting what lies behind and reaching forward to what lies ahead, I press on toward the goal for the prize of the upward call of God in Christ Jesus.” (Philippians 3:13–14, NASB95) ",None,26-Nov,,,,
c36e9b0b-5780-4882-8418-08bf4b403992,"“But I have trusted in Your lovingkindness; My heart shall rejoice in Your salvation. I will sing to the Lord, Because He has dealt bountifully with me.” (Psalm 13:5–6, NASB95) ",None,27-Nov,,,,
c69c0470-6343-4f80-89b4-b4edb8e44688,"“The Lord has looked down from heaven upon the sons of men To see if there are any who understand, Who seek after God.” (Psalm 14:2, NASB95) ",None,28-Nov,,,,
938151da-bcd4-4848-8ac6-344b080262c0,"“The words of the Lord are pure words; As silver tried in a furnace on the earth, refined seven times.” (Psalm 12:6, NASB95) ",None,29-Nov,,,,
d1175d14-0578-4e63-94f1-1fc94fe40eab,"“For the needy will not always be forgotten, Nor the hope of the afflicted perish forever.” (Psalm 9:18, NASB95) ",None,30-Nov,,,,
16ab3b1e-3d7a-4c5b-863c-f86190c371a5,"“The heavens are telling of the glory of God; And their expanse is declaring the work of His hands.” (Psalm 19:1, NASB95) ",None,01-Dec,,,,
59419a7d-6721-4569-aee7-9d7aaa401f7f,"“The law of the Lord is perfect, restoring the soul; The testimony of the Lord is sure, making wise the simple.” (Psalm 19:7, NASB95) ",None,02-Dec,,,,
25c46ce3-960c-4ef9-887c-5a79f0acddc2,"“The precepts of the Lord are right, rejoicing the heart; The commandment of the Lord is pure, enlightening the eyes.” (Psalm 19:8, NASB95) ",None,03-Dec,,,,
656f3b1e-35cc-4bbf-9a15-e01d4449d0d2,"“The fear of the Lord is clean, enduring forever; The judgments of the Lord are true; they are righteous altogether.” (Psalm 19:9, NASB95) ",None,04-Dec,,,,
f61f124b-ea09-4c57-bea9-330bba37349d,"“Let the words of my mouth and the meditation of my heart Be acceptable in Your sight, O Lord, my rock and my Redeemer.” (Psalm 19:14, NASB95) ",None,05-Dec,,,,
15024bad-8819-431a-8d23-03cc25f1b9b8,"“How can a young man keep his way pure? By keeping it according to Your word.” (Psalm 119:9, NASB95) ",None,06-Dec,,,,
69546fd6-c603-43ad-8dd9-8a1fada14ebd,"“Your word I have treasured in my heart, That I may not sin against You.” (Psalm 119:11, NASB95) ",None,07-Dec,,,,
ec8df437-47da-4ea2-8273-f43cb0ab4fa0,"“Open my eyes, that I may behold Wonderful things from Your law.” (Psalm 119:18, NASB95) ",None,08-Dec,,,,
4c595611-fed1-4fef-9f23-15e3d323bb17,"“Make me understand the way of Your precepts, So I will meditate on Your wonders.” (Psalm 119:27, NASB95) ",None,09-Dec,,,,
a7c0cfe4-4d78-41fd-9fcd-9c5f5a30059c,"“Give me understanding, that I may observe Your law And keep it with all my heart.” (Psalm 119:34, NASB95) ",None,10-Dec,,,,
6a5abdbf-8df9-4600-9a12-cb841c0392eb,"“Establish Your word to Your servant, As that which produces reverence for You.” (Psalm 119:38, NASB95) ",None,11-Dec,,,,
e1987cb0-9446-4999-877d-806ecd72c07a,"“May Your lovingkindnesses also come to me, O Lord, Your salvation according to Your word;” (Psalm 119:41, NASB95) ",None,12-Dec,,,,
d9081d02-ed02-48ba-b472-163bfd86fabb,"“Remember the word to Your servant, In which You have made me hope.” (Psalm 119:49, NASB95) ",None,13-Dec,,,,
4ae928f5-4649-40ed-83f5-d7650f7e8a73,"“This is my comfort in my affliction, That Your word has revived me.” (Psalm 119:50, NASB95) ",None,14-Dec,,,,
f17c55fd-5dd7-4c6a-a9c2-059c28e00d94,"“Your statutes are my songs In the house of my pilgrimage. O Lord, I remember Your name in the night, And keep Your law.” (Psalm 119:54–55, NASB95) ",None,15-Dec,,,,
678406dc-97d7-4216-9aa2-c90cb420394b,"“I considered my ways And turned my feet to Your testimonies.” (Psalm 119:59, NASB95) ",None,16-Dec,,,,
3e9bcb6e-27a4-46e3-b4a3-673a166146b2,"“At midnight I shall rise to give thanks to You Because of Your righteous ordinances.” (Psalm 119:62, NASB95) ",None,17-Dec,,,,
fc194072-7dcd-4ae9-b1e7-a02c835fc4c4,"““I have other sheep, which are not of this fold; I must bring them also, and they will hear My voice; and they will become one flock with one shepherd.” (John 10:16, NASB95) ",None,18-Dec,,,,
487d3db0-9bd4-4dbc-a670-08ace6dc0393,"“You have loved righteousness and hated wickedness; Therefore God, Your God, has anointed You With the oil of joy above Your fellows.” (Psalm 45:7, NASB95) ",None,19-Dec,,,,
88fcac81-353a-4470-901f-8137fc47ab4a,"“But now, O Lord, You are our Father, We are the clay, and You our potter; And all of us are the work of Your hand.” (Isaiah 64:8, NASB95) ",None,20-Dec,,,,
89c6015a-57d9-4918-bafd-cda87f9fa70f,"“Look down from heaven and see from Your holy and glorious habitation; Where are Your zeal and Your mighty deeds? The stirrings of Your heart and Your compassion are restrained toward me.” (Isaiah 63:15, NASB95) ",None,21-Dec,,,,
dab36cbf-3e65-458f-8891-76e0565e01da,"“Who caused His glorious arm to go at the right hand of Moses, Who divided the waters before them to make for Himself an everlasting name, Who led them through the depths? Like the horse in the wilderness, they did not stumble;” (Isaiah 63:12–13, NASB95) ",None,22-Dec,,,,
f865d7df-247e-45eb-bd5e-f3813f58fe70,"“In all their affliction He was afflicted, And the angel of His presence saved them; In His love and in His mercy He redeemed them, And He lifted them and carried them all the days of old.” (Isaiah 63:9, NASB95) ",None,23-Dec,,,,
5ed6546c-cfa4-4bdf-9ff8-1e0a58d7759c,"“I shall make mention of the lovingkindnesses of the Lord, the praises of the Lord, According to all that the Lord has granted us, And the great goodness toward the house of Israel, Which He has granted them according to His compassion And according to the abundance of His lovingkindnesses.” (Isaiah 63:7, NASB95) ",None,24-Dec,,,,
79c2d607-a89a-4799-99a8-d0e5e2fc420f,"“Go through, go through the gates, Clear the way for the people; Build up, build up the highway, Remove the stones, lift up a standard over the peoples.” (Isaiah 62:10, NASB95) ",None,25-Dec,,,,
0426dc68-9a13-4717-939f-d688f1190d5a,"“Behold, the Lord has proclaimed to the end of the earth, Say to the daughter of Zion, “Lo, your salvation comes; Behold His reward is with Him, and His recompense before Him.”” (Isaiah 62:11, NASB95) ",None,26-Dec,,,,
aab40e69-228b-4111-9a7a-bf7bd922440d,"“All of us like sheep have gone astray, Each of us has turned to his own way; But the Lord has caused the iniquity of us all To fall on Him.” (Isaiah 53:6, NASB95)",None,27-Dec,,,,
89f0af2b-9bfb-495b-85b3-1b6e3ac70d79,"“He was oppressed and He was afflicted, Yet He did not open His mouth; Like a lamb that is led to slaughter, And like a sheep that is silent before its shearers, So He did not open His mouth.” (Isaiah 53:7, NASB95) ",None,28-Dec,,,,
cacd7391-0df1-4461-a846-f8c5ee3e9b1c,"“Bless the Lord, O my soul, And all that is within me, bless His holy name.” (Psalm 103:1, NASB95) ",None,29-Dec,,,,
c85401ea-03a4-4da8-9c74-48069957b41e,"“Bless the Lord, O my soul, And forget none of His benefits; Who pardons all your iniquities, Who heals all your diseases;” (Psalm 103:2–3, NASB95) ",None,30-Dec,,,,
df81832e-4d54-4b35-8bfe-ef70f3fad195,"“The Lord is compassionate and gracious, Slow to anger and abounding in lovingkindness.” (Psalm 103:8, NASB95) ",None,31-Dec,,,,
6d7bf458-ab59-4beb-a3f6-34660c5765f0,"““Also I gave them My sabbaths to be a sign between Me and them, that they might know that I am the Lord who sanctifies them.” (Ezekiel 20:12, NASB95) ",Shabbat,,,,,
2a237f1e-2e36-42d4-ab32-f1816d333b95,"““Remember the sabbath day, to keep it holy.” (Exodus 20:8, NASB95) ",Shabbat,,,,,
a51e9b23-ab7e-4a5b-9bf4-797d6f6e808c,"““See, the Lord has given you the sabbath; therefore He gives you bread for two days on the sixth day. Remain every man in his place; let no man go out of his place on the seventh day.”” (Exodus 16:29, NASB95) ",Shabbat,,,,,
61f870f0-e5bd-4a95-9cc4-0ee6aa7045f7,"““Six days you shall labor and do all your work, but the seventh day is a sabbath of the Lord your God; in it you shall not do any work, you or your son or your daughter, your male or your female servant or your cattle or your sojourner who stays with you.” (Exodus 20:9–10, NASB95) ",Shabbat,,,,,
,"““For in six days the Lord made the heavens and the earth, the sea and all that is in them, and rested on the seventh day; therefore the Lord blessed the sabbath day and made it holy.” (Exodus 20:11, NASB95) ",Shabbat,,,,,
7e8340bb-6570-4b63-bdb7-d111be8eb753,"““But as for you, speak to the sons of Israel, saying, ‘You shall surely observe My sabbaths; for this is a sign between Me and you throughout your generations, that you may know that I am the Lord who sanctifies you.” (Exodus 31:13, NASB95) ",Shabbat,,,,,
3a469d48-2485-40ec-bc6f-2c8aa831cbe9,"“‘So the sons of Israel shall observe the sabbath, to celebrate the sabbath throughout their generations as a perpetual covenant.’” (Exodus 31:16, NASB95) ",Shabbat,,,,,
c7966f71-ce35-4237-ad42-139bd8f1b62d,"“‘Every one of you shall reverence his mother and his father, and you shall keep My sabbaths; I am the Lord your God.” (Leviticus 19:3, NASB95) ",Shabbat,,,,,
34b4a13f-e7fd-4de6-9447-25620432b10e,"“‘You shall keep My sabbaths and revere My sanctuary; I am the Lord.” (Leviticus 19:30, NASB95) ",Shabbat,,,,,
f0721136-00b0-4182-99b1-52455a66b09e,"“‘For six days work may be done, but on the seventh day there is a sabbath of complete rest, a holy convocation. You shall not do any work; it is a sabbath to the Lord in all your dwellings.” (Leviticus 23:3, NASB95) ",Shabbat,,,,,
9c234364-656c-4c7a-be83-d58cd2764a58,"““Every sabbath day he shall set it in order before the Lord continually; it is an everlasting covenant for the sons of Israel.” (Leviticus 24:8, NASB95) ",Shabbat,,,,,
700cdd92-1a01-4618-af77-eda8e9b6023f,"““Speak to the sons of Israel and say to them, ‘When you come into the land which I shall give you, then the land shall have a sabbath to the Lord.” (Leviticus 25:2, NASB95) ",Shabbat,,,,,
3c8ab652-08ae-4877-a349-3c454e7b7867,"“‘You shall keep My sabbaths and reverence My sanctuary; I am the Lord.” (Leviticus 26:2, NASB95) ",Shabbat,,,,,
ae677d28-c40f-44e7-9742-306cd269574b,"“‘Observe the sabbath day to keep it holy, as the Lord your God commanded you.” (Deuteronomy 5:12, NASB95) ",Shabbat,,,,,
2c5e2542-f1f2-4998-8bc8-9645e2f29a7e,"“‘You shall remember that you were a slave in the land of Egypt, and the Lord your God brought you out of there by a mighty hand and by an outstretched arm; therefore the Lord your God commanded you to observe the sabbath day.” (Deuteronomy 5:15, NASB95) ",Shabbat,,,,,
9d4a4936-908c-4d5f-9122-b2701ee6d322,"““So You made known to them Your holy sabbath, And laid down for them commandments, statutes and law, Through Your servant Moses.” (Nehemiah 9:14, NASB95) ",Shabbat,,,,,
c68ef1f5-a7a9-442a-8a16-26000acc0f13,"“It is good to give thanks to the Lord And to sing praises to Your name, O Most High; To declare Your lovingkindness in the morning And Your faithfulness by night, With the ten-stringed lute and with the harp, With resounding music upon the lyre.” (Psalm 92:1–3, NASB95) ",Shabbat,,,,,
f1a76111-2d05-4320-9b0b-135e6507e6d2,"““How blessed is the man who does this, And the son of man who takes hold of it; Who keeps from profaning the sabbath, And keeps his hand from doing any evil.”” (Isaiah 56:2, NASB95) ",Shabbat,,,,,
eb8c29b4-fc75-4e9a-8397-75f0facfaed6,"““Also the foreigners who join themselves to the Lord, To minister to Him, and to love the name of the Lord, To be His servants, every one who keeps from profaning the sabbath And holds fast My covenant;” (Isaiah 56:6, NASB95) ",Shabbat,,,,,
e07610ac-b81b-4e96-97db-c5596bb8ad2c,"“‘Sanctify My sabbaths; and they shall be a sign between Me and you, that you may know that I am the Lord your God.’” (Ezekiel 20:20, NASB95) ",Shabbat,,,,,
804956fd-ccd1-40ee-902c-47cae92700d6,"“They went into Capernaum; and immediately on the Sabbath He entered the synagogue and began to teach.” (Mark 1:21, NASB95) ",Shabbat,,,,,
7365dc93-9dfb-432c-81a9-11e0da1dea39,"“When the Sabbath came, He began to teach in the synagogue; and the many listeners were astonished, saying, “Where did this man get these things, and what is this wisdom given to Him, and such miracles as these performed by His hands?” (Mark 6:2, NASB95) ",Shabbat,,,,,
0535d7cd-c501-4bf5-b496-ed2b9029b679,"“When the Sabbath was over, Mary Magdalene, and Mary the mother of James, and Salome, bought spices, so that they might come and anoint Him.” (Mark 16:1, NASB95) ",Shabbat,,,,,
5cacbf66-b7e2-4db3-b9f4-3c180707d73d,"“And He came to Nazareth, where He had been brought up; and as was His custom, He entered the synagogue on the Sabbath, and stood up to read.” (Luke 4:16, NASB95) ",Shabbat,,,,,
4eb6449a-9e79-4fa6-aa81-e48e89630dbc,"“And He came down to Capernaum, a city of Galilee, and He was teaching them on the Sabbath; and they were amazed at His teaching, for His message was with authority.” (Luke 4:31–32, NASB95) ",Shabbat,,,,,
920b78ee-e10e-4da4-8b91-c3bc4e3d92e6,"“On another Sabbath He entered the synagogue and was teaching; and there was a man there whose right hand was withered.” (Luke 6:6, NASB95) ",Shabbat,,,,,
d6d2b665-345a-44e0-8b8f-080bb329256b,"“And He was teaching in one of the synagogues on the Sabbath.” (Luke 13:10, NASB95) ",Shabbat,,,,,
5652558c-091c-4feb-bb7f-38319d4dc22b,"“It was the preparation day, and the Sabbath was about to begin. Now the women who had come with Him out of Galilee followed, and saw the tomb and how His body was laid. Then they returned and prepared spices and perfumes. And on the Sabbath they rested according to the commandment.” (Luke 23:54–56, NASB95) ",Shabbat,,,,,
b1c258c0-b530-4b83-8666-b9f2bfc9130c,"“Immediately the man became well, and picked up his pallet and began to walk. Now it was the Sabbath on that day.” (John 5:9, NASB95) ",Shabbat,,,,,
b1c276ec-ce05-4210-94a9-8bf75f1dc865,"““If a man receives circumcision on the Sabbath so that the Law of Moses will not be broken, are you angry with Me because I made an entire man well on the Sabbath?” (John 7:23, NASB95) ",Shabbat,,,,,
750f8405-ce32-47e2-8e71-ac5e68762063,"“As Paul and Barnabas were going out, the people kept begging that these things might be spoken to them the next Sabbath.” (Acts 13:42, NASB95) ",Shabbat,,,,,
94d2c6fb-14e0-4579-a4bd-c2a9e0d4ee97,"“And according to Paul’s custom, he went to them, and for three Sabbaths reasoned with them from the Scriptures,” (Acts 17:2, NASB95) ",Shabbat,,,,,
4acc7d46-1f82-4e73-a56b-6aad03a9d8fe,"“And he was reasoning in the synagogue every Sabbath and trying to persuade Jews and Greeks.” (Acts 18:4, NASB95) ",Shabbat,,,,,
daf21d9f-1c49-4913-9467-4cad0f8ff9ad,"“So there remains a Sabbath rest for the people of God.” (Hebrews 4:9, NASB95) ",Shabbat,,,,,
1f1acde9-074f-441c-aa4a-7fb6c21307d6,"“By the seventh day God completed His work which He had done, and He rested on the seventh day from all His work which He had done.” (Genesis 2:2, NASB95) ",Shabbat,,,,,
e088943f-8c97-4789-93f9-e8241f50a60d,"“Then God blessed the seventh day and sanctified it, because in it He rested from all His work which God had created and made.” (Genesis 2:3, NASB95) ",Shabbat,,,,,
84d5f21d-87c3-4c1b-ad64-3a7231aaa775,"“So the people rested on the seventh day.” (Exodus 16:30, NASB95) ",Shabbat,,,,,
b4ca0739-ae32-4b6d-8080-8c031383475e,"““For in six days the Lord made the heavens and the earth, the sea and all that is in them, and rested on the seventh day; therefore the Lord blessed the sabbath day and made it holy.” (Exodus 20:11, NASB95) ",Shabbat,,,,,
0ea50b97-c342-4fc4-91fb-820a98fcb0c4,"“The glory of the Lord rested on Mount Sinai, and the cloud covered it for six days; and on the seventh day He called to Moses from the midst of the cloud.” (Exodus 24:16, NASB95) ",Shabbat,,,,,
d27eb714-c446-4af2-9579-2690b24133ff,"““You shall work six days, but on the seventh day you shall rest; even during plowing time and harvest you shall rest.” (Exodus 34:21, NASB95) ",Shabbat,,,,,
4a8a6b57-c206-4b4b-a3ff-0ff9cf16f3e7,"“‘If an alien sojourns among you and observes the Passover to the Lord, according to the statute of the Passover and according to its ordinance, so he shall do; you shall have one statute, both for the alien and for the native of the land.’ ”” (Numbers 9:14, NASB95) ",Passover,,,,,
726999d6-e9bd-4aee-941f-ceedcb2ee61b,"“He was oppressed and He was afflicted, Yet He did not open His mouth; Like a lamb that is led to slaughter, And like a sheep that is silent before its shearers, So He did not open His mouth.” (Isaiah 53:7, NASB95) ",Passover,,,,,
23e7a626-449f-4c3c-aab8-cd8a4b880b53,"“But He was pierced through for our transgressions, He was crushed for our iniquities; The chastening for our well-being fell upon Him, And by His scourging we are healed.” (Isaiah 53:5, NASB95) ",Passover,,,,,
9bed7f7e-fe82-4c20-84fe-410ec2011911,"“Now before the Feast of the Passover, Jesus knowing that His hour had come that He would depart out of this world to the Father, having loved His own who were in the world, He loved them to the end.” (John 13:1, NASB95) ",Passover,,,,,
6da36511-3923-4ef8-a145-f98d20c50435,"“And when He became twelve, they went up there according to the custom of the Feast; and as they were returning, after spending the full number of days, the boy Jesus stayed behind in Jerusalem. But His parents were unaware of it,” (Luke 2:42–43, NASB95) ",Passover,,,,,
95a56877-d0d1-442a-8ccc-b7dc2aba6165,"“And they were all filled with the Holy Spirit and began to speak with other tongues, as the Spirit was giving them utterance.” (Acts 2:4, NASB95) ",Pentecost,,,,,
5c988496-f418-412d-a550-98c9d6b280de,"“When the day of Pentecost had come, they were all together in one place.” (Acts 2:1, NASB95) ",Pentecost,,,,,
6eddb1b2-fb50-4900-9fe9-5fede0227f48,"““You shall celebrate the Feast of Weeks, that is, the first fruits of the wheat harvest, and the Feast of Ingathering at the turn of the year.” (Exodus 34:22, NASB95) ",Pentecost,,,,,
0f265062-45c0-4142-bfa1-4594e59a66cb,"“For a child will be born to us, a son will be given to us; And the government will rest on His shoulders; And His name will be called Wonderful Counselor, Mighty God, Eternal Father, Prince of Peace.” (Isaiah 9:6, NASB95) ",Tabernacles,,,,,
6b27b6a1-25a6-48e2-9c5a-7703a2e16e59,"“And the Word became flesh, and dwelt among us, and we saw His glory, glory as of the only begotten from the Father, full of grace and truth.” (John 1:14, NASB95) ",Tabernacles,,,,,
6b8f09ff-5374-4deb-b01f-98f9afb0c487,"“For throughout all their journeys, the cloud of the Lord was on the tabernacle by day, and there was fire in it by night, in the sight of all the house of Israel.” (Exodus 40:38, NASB95) ",Tabernacles,,,,,
874cbc56-3752-438d-ae55-f9374b3e8ac9,"““It is to be a sabbath of solemn rest for you, that you may humble your souls; it is a permanent statute.” (Leviticus 16:31, NASB95) ",Tabernacles,,,,,
98008a55-3e5d-4abf-817d-c98e909239d2,"“Then the Lord will appear over them, And His arrow will go forth like lightning; And the Lord God will blow the trumpet, And will march in the storm winds of the south.” (Zechariah 9:14, NASB95) ",Tabernacles,,,,,
c789b988-836b-49f6-ac59-8d7457e1d224,"“This was done on the thirteenth day of the month Adar, and on the fourteenth day they rested and made it a day of feasting and rejoicing.” (Esther 9:17, NASB95) ",Purim,,,,,
c2310b99-cb77-4894-80ac-18cedbb466b6,"“But the Jews who were in Susa assembled on the thirteenth and the fourteenth of the same month, and they rested on the fifteenth day and made it a day of feasting and rejoicing.” (Esther 9:18, NASB95) ",Purim,,,,,
c2854905-e797-4d08-ac71-d8accfb5186c,"“For the Jews there was light and gladness and joy and honor. In each and every province and in each and every city, wherever the king’s commandment and his decree arrived, there was gladness and joy for the Jews, a feast and a holiday. And many among the peoples of the land became Jews, for the dread of the Jews had fallen on them.” (Esther 8:16–17, NASB95) ",Purim,,,,,
fcc87e15-e3be-490b-a665-d255ca4a8bd0,"““For if you remain silent at this time, relief and deliverance will arise for the Jews from another place and you and your father’s house will perish. And who knows whether you have not attained royalty for such a time as this?”” (Esther 4:14, NASB95) ",Purim,,,,,
75b4f221-cac5-4905-a652-0aa645d0e857,"“Rejoice always; pray without ceasing; in everything give thanks; for this is God’s will for you in Christ Jesus.” (1 Thessalonians 5:16–18, NASB95) ",Thanksgiving,,,,,
8dc7c6f6-c534-4d7d-b99b-a4dc8370f765,"“The Child continued to grow and become strong, increasing in wisdom; and the grace of God was upon Him.” (Luke 2:40, NASB95) ",Christmas,,,,,
574edb57-edbc-45f5-bdf2-1bae04fafb2e,"“And Jesus kept increasing in wisdom and stature, and in favor with God and men.” (Luke 2:52, NASB95) ",Christmas,,,,,
275c2231-a1a3-46f1-819e-15bfd87fcc8c,"“Then came Hanukkah in Yerushalayim. It was winter, and Yeshua was walking around inside the Temple area, in Shlomo’s Colonnade.” (John 10:22–23, CJB) ",Hannukah,,,,,